pid,weight,x_utm,y_utm,lat,lon
0,72.71646346761983,550880.4042224124,5276348.635466751,47.63853710000001,-122.3226326
1,89.35456371243312,551106.0462073978,5271803.395392905,47.597625099999995,-122.3201592
2,1275.4010391020638,550330.6203935066,5272935.740513749,47.60787369999999,-122.33034360000002
3,67.02894950844235,550478.1555357017,5274189.553286769,47.619143,-122.32823630000001
4,72.71646346761983,550775.4675564151,5275648.963883186,47.632250299999995,-122.3241107
5,73.73053303143445,550778.1476078065,5275818.129913156,47.6337721,-122.32405540000002
6,861.2960378420141,550383.8118300651,5273775.19593502,47.6154223,-122.3295394
7,89.35456371243312,551128.9628937049,5271609.324420993,47.595877200000004,-122.31987699999999
8,89.35456371243312,550934.6881386384,5271603.101091697,47.59583649999999,-122.3224618
9,89.35456371243312,551115.6234474209,5271778.582647317,47.59740109999999,-122.3200347
10,73.73053303143445,550585.7220425559,5275431.666974177,47.6303101,-122.32666140000002
11,73.73053303143445,550388.7394362345,5274960.089202973,47.62608259999999,-122.3293375
12,17.254071848968326,550440.9234205479,5274664.891859602,47.623422600000005,-122.32867700000001
13,222.89257698519293,550410.3604718222,5274254.309280055,47.61973090000001,-122.329131
14,1275.4010391020638,550340.5508728279,5272864.203881858,47.60722929999999,-122.33021970000001
15,498.6205852961248,550458.550219975,5272713.343084672,47.6058628,-122.32866719999998
16,1275.4010391020638,550204.3166822966,5272999.216174129,47.6084546,-122.3320167
17,675.1680654684775,550574.5071005286,5272489.266263238,47.6038377,-122.3271504
18,89.35456371243312,551020.4591033522,5271812.371349984,47.597712599999994,-122.3212966
19,89.35456371243312,551006.9741357596,5271855.111236305,47.5980982,-122.32147100000002
20,89.35456371243312,551008.2691996302,5271652.00358775,47.596270700000005,-122.3214774
21,89.35456371243312,550996.7095338496,5271603.487404618,47.5958351,-122.3216368
22,89.35456371243312,551048.973566792,5271635.521100344,47.5961192,-122.32093789999999
23,140.3994728427065,549022.1247304706,5274349.066770668,47.62069,-122.347594
24,140.3994728427065,549310.5208606896,5274115.192825952,47.6185639,-122.3437825
25,140.3994728427065,549325.2572078183,5274115.228605123,47.6185631,-122.34358640000002
26,710.2890650336079,550369.4859985961,5274007.578442236,47.6175142,-122.32970330000002
27,67.02894950844235,550507.2659129967,5273913.140687428,47.616653799999995,-122.3278808
28,164.6243669448561,550349.1765587829,5273534.710256919,47.613261300000005,-122.3300279
29,190.46225795960805,550473.3330519648,5273889.928435992,47.6164476,-122.32833500000001
30,67.02894950844235,550484.6059543992,5273970.606944019,47.617172599999996,-122.32817569999999
31,67.02894950844235,550450.6788245324,5273879.906999369,47.6163592,-122.3286376
32,67.02894950844235,550480.2865807672,5274260.193971812,47.6197784,-122.32819979999998
33,1275.4010391020638,550263.0283670474,5273452.35238689,47.61252699999999,-122.3311836
34,222.89257698519293,550432.8772105717,5274300.029521925,47.620140499999984,-122.32882610000001
35,76.6904761904762,550444.5521546297,5274564.269315992,47.62251700000001,-122.3286403
36,73.73053303143445,550606.3460399018,5275423.854664609,47.630238199999994,-122.32638780000002
37,140.3994728427065,549307.854142238,5274373.5396684185,47.62088849999999,-122.34378890000002
38,481.6413848528156,549071.9689052693,5273355.522196769,47.6117471,-122.347042
39,89.35456371243312,551227.0609845837,5271610.896466819,47.59588359999999,-122.318572
40,222.89257698519293,550399.9079378347,5274853.763319655,47.62512509999999,-122.32920110000002
41,1275.4010391020638,550233.287139066,5273278.94188506,47.61096909999999,-122.33159920000001
42,181.60547746585303,549791.3378707583,5272736.26077152,47.6061206,-122.337541
43,481.6413848528156,548982.4519895945,5273390.802738752,47.61207129999999,-122.34822909999998
44,72.71646346761983,550901.1179236344,5275897.839298837,47.6344796,-122.3224093
45,140.3994728427065,549215.9451642323,5274504.192629225,47.62207099999999,-122.3449973
46,184.8392083966153,549510.5095672703,5274878.137319534,47.625413,-122.34103500000002
47,67.02894950844235,550601.5450023093,5274242.7730388325,47.619612200000006,-122.32658820000002
48,1275.4010391020638,550254.6492690471,5272920.358383233,47.6077412,-122.3313561
49,201.2631399977182,551349.6379693754,5272964.787974495,47.6080551,-122.316783
50,201.2631399977182,551148.7699241384,5272963.022354699,47.60805510000001,-122.3194556
51,228.118409685993,551114.546320499,5273421.822309733,47.612185700000005,-122.3198574
52,33.118958921703154,551495.5152214962,5275263.970458079,47.6287296,-122.31457190000002
53,33.118958921703154,551493.6581453488,5275328.71916383,47.629312299999995,-122.314589
54,33.118958921703154,551406.2806011373,5275600.856887228,47.631767700000005,-122.31572
55,33.118958921703154,551234.82472989,5275227.672438624,47.62842369999999,-122.3180458
56,228.118409685993,551250.6165871037,5273436.765761267,47.6123094,-122.3180452
57,241.63233538745038,551242.724335724,5273506.95188912,47.6129415,-122.31814200000001
58,241.63233538745038,551241.3673873899,5273635.669499495,47.6140997,-122.31814499999999
59,66.63043478260873,551236.5288526966,5273894.564366469,47.616429399999994,-122.3181791
60,66.63043478260873,551234.1758892615,5274025.45176634,47.61760719999999,-122.31819510000001
61,66.63043478260873,551334.6753440113,5273896.517168589,47.616439199999995,-122.3168729
62,66.63043478260873,551431.7294522809,5273893.660463767,47.6164058,-122.31558180000002
63,66.63043478260873,551529.7526491797,5273904.462712818,47.6164952,-122.31427620000001
64,66.63043478260873,551640.6772291511,5273900.209422427,47.6164481,-122.31280069999998
65,190.46225795960805,550589.5275206416,5273880.165715577,47.6163507,-122.32679
66,100.53125,550686.8399283282,5273880.399829344,47.6163452,-122.3254951
67,100.53125,550761.7715488549,5273882.41901429,47.61635749999999,-122.3244978
68,701.4813557327243,550841.7922411805,5273885.150427761,47.61637579999999,-122.3234327
69,100.53125,550937.148205894,5273888.250342107,47.61639619999999,-122.32216349999999
70,481.6413848528156,549109.3269787864,5273537.0040224455,47.61337709999999,-122.34652460000001
71,276.03060324118366,549172.2814006412,5273610.512912888,47.61403369999999,-122.3456787
72,276.03060324118366,549237.7253199203,5273685.38840625,47.61470239999999,-122.34479950000001
73,386.0166166894943,549301.5884131031,5273759.484393174,47.61536419999999,-122.3439414
74,386.0166166894943,549361.858472832,5273829.927335064,47.615993399999994,-122.3431315
75,386.0166166894943,549429.6327963824,5273908.570431572,47.616695799999995,-122.3422208
76,414.435143232494,549494.7246924859,5273984.290670775,47.61737209999998,-122.3413461
77,414.435143232494,549558.4312872039,5274058.343820683,47.6180335,-122.34049
78,1.3307245674200359,549605.1976432754,5274115.637196543,47.618545399999995,-122.3398612
79,1275.4010391020638,550196.2228417944,5273562.100163757,47.61351959999999,-122.3320599
80,6.533224587879943,550128.6523769082,5273672.820191341,47.61452100000002,-122.33294630000002
81,710.2890650336079,550110.8362500988,5273705.688448467,47.6148181,-122.33317959999998
82,710.2890650336079,550016.0493917979,5273793.557652307,47.615615999999996,-122.33443080000002
83,710.2890650336079,549917.8709709292,5273878.509525751,47.6163879,-122.33572750000002
84,710.2890650336079,549818.1319105926,5273963.50525301,47.6171603,-122.33704499999999
85,710.2890650336079,549720.265449317,5274029.301512575,47.617759799999995,-122.3383398
86,1.3307245674200359,549658.7769855047,5274115.837825302,47.6185431,-122.33914820000001
87,517.7530057724063,550703.0616558408,5272761.711938894,47.606278899999985,-122.3254087
88,517.7530057724063,550653.7654802824,5272840.674992071,47.60699319999999,-122.32605540000002
89,183.5192023700494,550603.673261402,5272919.709343866,47.607708200000005,-122.32671270000002
90,183.5192023700494,550554.5951804852,5272998.097147029,47.608417300000006,-122.32735660000002
91,183.5192023700494,550504.6248042069,5273076.388705826,47.609125600000006,-122.32801240000002
92,1167.3888665563823,550453.9069958566,5273155.21882792,47.6098388,-122.3286781
93,2143.2359624903006,549804.9466121971,5274375.510382517,47.62086819999999,-122.3371736
94,2143.2359624903006,549803.2821750322,5274636.211190415,47.623213899999996,-122.3371661
95,45.83622727847999,549693.8976554519,5274915.543008169,47.625735500000005,-122.33859010000002
96,507.6801927547495,549949.3858830323,5272250.650201294,47.6017393,-122.3354937
97,507.6801927547495,549996.570436957,5272250.821126737,47.6017372,-122.334866
98,507.6801927547495,550044.4073288993,5272251.186979396,47.6017368,-122.33422959999999
99,507.6801927547495,550146.9574310465,5272251.2787697,47.6017297,-122.33286539999999
100,507.6801927547495,550213.7297557925,5272251.719950842,47.60172850000001,-122.3319771
101,507.6801927547495,550341.5296714795,5272251.910368388,47.6017203,-122.330277
102,31.073317015967454,550636.720463538,5272253.487944708,47.6017115,-122.32635000000002
103,710.2890650336079,549877.7297346788,5273517.831146492,47.6131459,-122.33630270000002
104,27.02686189739292,549960.8418343335,5273568.225044552,47.6135929,-122.33519110000002
105,710.2890650336079,550045.7574616873,5273621.103075502,47.614062099999984,-122.3340552
106,710.2890650336079,550294.3956149367,5273778.536131193,47.61545929999999,-122.33072880000002
107,67.02894950844235,550589.6175182778,5273967.638455839,47.617137699999994,-122.32677870000002
108,517.7530057724063,551050.4350367463,5272870.909626106,47.6072341,-122.3207746
109,392.83050851292734,551045.826947788,5273093.316973006,47.6092355,-122.32081
110,392.83050851292734,551044.6485774146,5273191.848763239,47.6101221,-122.3208142
111,392.83050851292734,551043.4943509379,5273306.508078988,47.61115379999999,-122.3208162
112,392.83050851292734,551043.2282067586,5273340.338622651,47.6114582,-122.3208158
113,392.83050851292734,551041.7765134997,5273508.712285696,47.61297319999999,-122.32081550000001
114,701.4813557327243,551039.7124030638,5273632.866687767,47.6140904,-122.3208285
115,701.4813557327243,551038.4624987547,5273762.741156589,47.61525900000001,-122.32083
116,100.53125,551033.9833751643,5274021.094629015,47.6175838,-122.3208595
117,66.63043478260873,551033.4597045134,5274150.4198041465,47.61874739999999,-122.3208514
118,33.118958921703154,551494.9125176469,5274970.004706832,47.626084799999994,-122.31461450000002
119,76.6904761904762,550495.4963421392,5274760.58343232,47.6242793,-122.3279397
120,76.6904761904762,550596.0075785458,5274761.966560414,47.62428390000001,-122.3266019
121,76.6904761904762,550692.1943727774,5274763.791730124,47.6242928,-122.32532160000001
122,76.6904761904762,550788.224704652,5274765.461519744,47.624300299999994,-122.3240434
123,90.91666666666669,550863.4590137935,5274763.35019195,47.624275399999995,-122.3230424
124,90.91666666666669,550942.1291064052,5274763.615057399,47.62427159999999,-122.32199540000002
125,90.91666666666669,551020.676462753,5274764.168890741,47.6242704,-122.32095
126,33.118958921703154,551178.6990495487,5274765.72135418,47.62427189999999,-122.3188468
127,33.118958921703154,551258.0192219084,5274766.407435682,47.624271799999995,-122.3177911
128,33.118958921703154,551336.4535826986,5274766.997875857,47.62427089999999,-122.31674720000001
129,33.118958921703154,551416.0533224469,5274767.510737352,47.624269199999986,-122.3156878
130,33.118958921703154,551494.5743620354,5274767.648370147,47.62426419999999,-122.31464279999999
131,33.118958921703154,551646.691167058,5274767.483026459,47.6242506,-122.31261840000002
132,59.206350118539376,551257.3618980318,5274413.98978135,47.621101100000004,-122.31784110000001
133,59.206350118539376,551257.0130119745,5274638.191196047,47.6231183,-122.31781949999998
134,33.118958921703154,551235.5577840912,5275049.46661074,47.62682029999999,-122.3180569
135,59.206350118539376,551228.8603728614,5274283.920241649,47.619933100000004,-122.31823560000001
136,59.206350118539376,551226.9482226812,5274413.400036987,47.6210982,-122.3182459
137,93.54311810626854,550342.2583587014,5272158.787682945,47.60088240000001,-122.330278
138,93.54311810626854,550331.187103124,5272065.363102732,47.6000427,-122.33043600000002
139,93.54311810626854,550346.1494576228,5272040.695649729,47.599819600000004,-122.33023980000002
140,93.54311810626854,550343.9931544951,5271972.622549491,47.599207299999996,-122.3302763
141,146.83909249980587,550737.6909773509,5272067.073747785,47.60002639999999,-122.3250284
142,146.83909249980587,550738.0772531923,5271974.28149732,47.5991915,-122.325034
143,89.35456371243312,550738.4699344588,5271882.4785134,47.59836550000001,-122.3250394
144,89.35456371243312,550738.858602985,5271788.541509708,47.59752029999999,-122.3250451
145,89.35456371243312,550739.2558275047,5271694.482334098,47.59667399999999,-122.3250507
146,89.35456371243312,550739.6401693334,5271601.901298277,47.59584099999999,-122.32505630000001
147,0.9694926956448624,550900.430326236,5276461.346389925,47.639549599999995,-122.3223529
148,0.9694926956448624,550973.5865340199,5276461.586088584,47.639546,-122.32137900000001
149,33.118958921703154,550767.3322872242,5274888.307287469,47.62540720000001,-122.3243072
150,72.71646346761983,550804.5454029709,5275276.454565804,47.62889650000001,-122.32376689999998
151,481.6413848528156,549113.1202500318,5273341.886628807,47.6116213,-122.34649600000002
152,481.6413848528156,549145.5913085206,5273379.02725126,47.611953,-122.34605980000002
153,276.03060324118366,549208.3094552202,5273452.189949732,47.6126065,-122.34521710000001
154,481.6413848528156,549272.4670342604,5273525.587813404,47.613261999999985,-122.34435519999998
155,276.03060324118366,549335.7168509325,5273600.379168807,47.6139301,-122.34350519999998
156,414.435143232494,549400.5418417385,5273675.340197401,47.6145996,-122.3426342
157,414.435143232494,549459.4273475581,5273744.183026067,47.6152145,-122.34184290000002
158,414.435143232494,549529.0672303725,5273824.354684844,47.6159305,-122.34090720000002
159,414.435143232494,549592.7864827819,5273899.730913113,47.6166038,-122.3400508
160,414.435143232494,549657.4524784049,5273974.0489386795,47.6172675,-122.3391819
161,67.02894950844235,550600.9909135774,5274199.265633216,47.6192208,-122.3266006
162,67.02894950844235,550699.6665002311,5274201.134615108,47.61922990000001,-122.32528730000001
163,108.99883081564843,550769.6609330509,5273507.247424978,47.612981399999995,-122.3244363
164,108.99883081564843,550766.0336989857,5273632.05509381,47.6141046,-122.32447010000001
165,190.46225795960805,550764.1932032175,5273757.956464803,47.6152375,-122.32448000000001
166,100.53125,550759.2751111093,5274037.045999425,47.6177489,-122.3245131
167,93.54311810626854,550045.5527088046,5271971.4100225745,47.599219500000004,-122.33424630000002
168,138.41879173705084,550147.3476444954,5271966.349221675,47.599166100000005,-122.3328928
169,93.54311810626854,550246.620445579,5271972.216308702,47.59921119999999,-122.33157160000002
170,93.54311810626854,550389.1348655343,5271972.834554585,47.599205699999985,-122.32967579999999
171,93.54311810626854,550438.4190768069,5271973.016045339,47.599203499999994,-122.32902020000002
172,146.83909249980587,550539.5504555379,5271973.446943274,47.59919949999999,-122.32767490000002
173,146.83909249980587,550637.8178323285,5271973.854727685,47.5991955,-122.32636770000002
174,89.35456371243312,550835.873403395,5271970.109312188,47.5991463,-122.32373359999998
175,146.83909249980587,550933.1096547458,5271977.559728577,47.599205699999985,-122.3224393
176,89.35456371243312,551324.3218379205,5271981.000430538,47.5992058,-122.31723500000001
177,88.07274729213015,551556.6508710036,5271983.2607564675,47.5992077,-122.3141443
178,184.8392083966153,549412.0114360612,5274971.008333355,47.6262561,-122.34233539999998
179,184.8392083966153,549510.546467162,5274971.066743292,47.6262491,-122.341024
180,73.73053303143445,549900.8615169809,5274919.645830322,47.6257565,-122.33583520000002
181,73.73053303143445,550146.129422057,5274944.869852681,47.6259645,-122.3325681
182,73.73053303143445,550275.4145804069,5274948.084594453,47.62598340000001,-122.33084710000001
183,73.73053303143445,550319.1454373486,5274948.906667364,47.62598740000001,-122.330265
184,104.0276804926654,548684.6845798966,5273530.241116861,47.6133483,-122.35217550000002
185,104.0276804926654,548741.6229499563,5273594.036490338,47.613918,-122.35141080000001
186,104.0276804926654,548806.3276804663,5273669.901180154,47.614595699999995,-122.3505414
187,104.0276804926654,548868.3961918332,5273742.6769045945,47.6152458,-122.3497074
188,276.03060324118366,548931.7528394614,5273818.487294718,47.6159231,-122.3488559
189,276.03060324118366,548996.2091750905,5273892.018052487,47.6165798,-122.34798999999998
190,386.0166166894943,549061.7956656616,5273965.9036208745,47.617239600000005,-122.34710900000002
191,386.0166166894943,549123.0608028995,5274035.163223205,47.617858099999985,-122.34628600000002
192,140.3994728427065,549189.5364467882,5274114.615073777,47.618567899999995,-122.34539250000002
193,222.89257698519293,550211.1445124125,5274757.626138813,47.6242748,-122.33172430000002
194,222.89257698519293,550307.7332301533,5274758.159128543,47.624272100000006,-122.33043880000001
195,222.89257698519293,550399.9690395717,5274758.956163195,47.624272100000006,-122.3292112
196,100.53125,550838.3767293177,5274126.807967098,47.6185503,-122.3234501
197,67.02894950844235,550835.217568767,5274266.713471771,47.6198093,-122.3234759
198,33.118958921703154,550821.9691366822,5274856.929038748,47.62512060000001,-122.3235837
199,33.118958921703154,550822.7226476534,5275049.65222593,47.62685449999999,-122.32355130000002
200,33.118958921703154,550823.07334142,5275161.913101899,47.627864499999994,-122.32353360000002
201,67.02894950844235,550864.9592103903,5274273.786233011,47.619870599999985,-122.3230793
202,90.91666666666669,550862.6594446255,5274636.291884878,47.623132299999995,-122.3230678
203,33.118958921703154,550863.0544027132,5274857.9099434465,47.62512619999999,-122.3230368
204,140.3994728427065,549117.3809809261,5274114.351097316,47.618570999999996,-122.34635270000001
205,140.3994728427065,549119.0714754816,5274243.683342648,47.61973450000001,-122.34631570000002
206,140.3994728427065,549118.9706125493,5274374.234235349,47.6209091,-122.3463024
207,164.6243669448561,550364.7116012311,5273667.7750091,47.6144573,-122.3298059
208,140.3994728427065,549609.2909163008,5274245.6904220395,47.619715199999995,-122.33979200000002
209,140.3994728427065,549609.1831008916,5274374.885437833,47.6208776,-122.33977880000002
210,140.3994728427065,549608.9142535579,5274505.33505788,47.622051299999995,-122.3397676
211,140.3994728427065,549608.6550926374,5274634.639984595,47.6232147,-122.33975639999998
212,73.73053303143445,550637.6175848081,5275700.269563474,47.6327227,-122.32593960000001
213,73.73053303143445,550627.2127534138,5275650.074333294,47.6322719,-122.32608390000001
214,33.118958921703154,551070.400242041,5275657.844010528,47.63230699999999,-122.32018399999998
215,241.63233538745038,551642.9455051745,5273683.205115619,47.61449549999998,-122.31279610000001
216,66.63043478260873,551642.6243772358,5273771.196843145,47.6152872,-122.31279000000002
217,66.63043478260873,551641.050124611,5274030.3095885785,47.61761859999999,-122.3127804
218,66.63043478260873,551641.816780777,5274131.226217662,47.618526499999994,-122.31275830000001
219,140.3994728427065,549414.693784898,5274114.974770874,47.618553999999996,-122.3423963
220,140.3994728427065,549413.1102948769,5274245.9021734735,47.6197321,-122.34240259999999
221,140.3994728427065,549415.7145977052,5274374.797798779,47.6208916,-122.34235340000001
222,140.3994728427065,549413.7866037536,5274505.577844017,47.62206840000001,-122.3423643
223,184.8392083966153,549411.5982663364,5274877.075430828,47.625410999999986,-122.34235150000002
224,67.02894950844235,550590.823202079,5274118.774265043,47.6184974,-122.3267452
225,76.6904761904762,550600.0350979209,5274380.325512755,47.6208499,-122.3265924
226,76.6904761904762,550598.9400604964,5274506.444676419,47.6219847,-122.3265924
227,76.6904761904762,550597.7577075313,5274633.963548974,47.6231321,-122.32659340000001
228,76.6904761904762,550594.9220864831,5274854.0973612,47.62511289999999,-122.32660569999999
229,72.71646346761983,550598.529079213,5275061.727664313,47.62698069999999,-122.32653369999998
230,93.54311810626854,550273.666930553,5272158.207105109,47.6008825,-122.3311905
231,66.63043478260873,551098.3089788328,5273763.421084731,47.61526039999999,-122.32003360000002
232,66.63043478260873,551093.2258502656,5274021.791488324,47.617585399999996,-122.32007109999999
233,33.118958921703154,550690.7885102013,5274856.297647676,47.62512519999999,-122.32532960000002
234,33.118958921703154,550786.8677251837,5274857.3565600235,47.6251272,-122.3240508
235,33.118958921703154,550910.8550334335,5274858.271814508,47.6251257,-122.32240059999998
236,33.118958921703154,550940.696929231,5274858.67711369,47.625127,-122.3220034
237,33.118958921703154,550990.9409646569,5274858.883168984,47.6251249,-122.3213347
238,33.118958921703154,551068.4480655807,5274898.251997055,47.62547300000001,-122.3202986
239,33.118958921703154,551329.0190575556,5274886.770494429,47.625349099999994,-122.31683209999998
240,33.118958921703154,551411.4848458971,5274886.730605826,47.62534219999999,-122.31573460000001
241,33.118958921703154,551494.9563158635,5274880.876694045,47.6252829,-122.3146244
242,33.118958921703154,551570.22281552,5274880.108552191,47.62526999999999,-122.3136228
243,59.206350118539376,551179.284469945,5274641.742697204,47.6231564,-122.3188535
244,33.118958921703154,551153.1460537235,5275049.609458147,47.62682809999999,-122.31915369999999
245,33.118958921703154,551151.0708975936,5275256.023563716,47.628685399999995,-122.31915720000002
246,33.118958921703154,551145.9000255812,5275457.331161587,47.630497,-122.31920250000002
247,33.118958921703154,551148.3932576764,5275741.554754335,47.633054,-122.3191361
248,67.02894950844235,550507.0646215378,5273961.520818778,47.617089099999994,-122.3278779
249,89.35456371243312,550638.9915970318,5271694.055579011,47.59667799999999,-122.3263844
250,89.35456371243312,550837.0317912793,5271694.889124931,47.59667,-122.32375009999998
251,89.35456371243312,550934.3115181307,5271695.304335918,47.59666610000001,-122.32245609999998
252,89.35456371243312,550993.8605342845,5271695.457867822,47.5966628,-122.32166399999998
253,88.07274729213015,551567.3123098526,5271698.2544072885,47.5966426,-122.314036
254,88.07274729213015,551713.2796125716,5271700.313635813,47.596649499999984,-122.3120942
255,507.6801927547495,550387.4283946516,5272342.612661974,47.6025328,-122.32965600000001
256,507.6801927547495,550469.1212241857,5272394.312772269,47.602991599999996,-122.32856330000001
257,675.1680654684775,550554.5892613427,5272444.790834016,47.6034391,-122.32742050000002
258,890.2412885550517,549907.272567306,5272371.160468146,47.602826799999995,-122.33604020000001
259,890.2412885550517,549856.5607219749,5272449.562248988,47.6035361,-122.3367059
260,890.2412885550517,549807.9315763473,5272527.182000237,47.60423819999999,-122.337344
261,890.2412885550517,549758.1288908868,5272605.058881571,47.60494269999999,-122.3379977
262,181.60547746585303,549708.7789291196,5272684.651678667,47.60566260000001,-122.3386452
263,181.60547746585303,549658.0681045154,5272762.677254306,47.606368499999995,-122.339311
264,181.60547746585303,549589.5372609273,5272874.251014519,47.60737759999999,-122.3402101
265,481.6413848528156,549242.1048676133,5273295.915667848,47.6111979,-122.34478500000002
266,481.6413848528156,548946.9679848545,5273548.575834125,47.6134935,-122.34868359999999
267,104.0276804926654,548877.5771283933,5273608.567895707,47.61403850000001,-122.34960019999998
268,104.0276804926654,548737.3200053307,5273729.353473964,47.6151358,-122.35145300000002
269,104.0276804926654,548664.2862942131,5273792.318495604,47.615707799999996,-122.3524178
270,104.0276804926654,548593.223719905,5273853.411374064,47.616262799999994,-122.3533566
271,276.03060324118366,548493.0179139778,5273939.937164858,47.617048800000006,-122.35468040000002
272,276.03060324118366,548395.0450847901,5274023.982412895,47.61781229999999,-122.35597479999998
273,0.1892950671402848,551564.2705163717,5276030.456968372,47.63562029999999,-122.3135665
274,100.53125,550796.3679214014,5274121.6957475245,47.6185076,-122.3240097
275,67.02894950844235,550795.2220226466,5274251.4489275925,47.619675099999995,-122.32400990000001
276,76.6904761904762,550789.4052241147,5274633.463382987,47.62311259999999,-122.324043
277,33.118958921703154,550695.1140038818,5274995.634914412,47.6263785,-122.3252559
278,72.71646346761983,550640.3013030821,5275079.462733148,47.627137,-122.3259757
279,72.71646346761983,550589.4368204591,5275155.267227743,47.627823,-122.3266439
280,72.71646346761983,550547.7383667987,5275215.680106548,47.6283698,-122.32719190000002
281,1167.3888665563823,550306.2956628153,5273063.981812995,47.6090294,-122.3306525
282,164.6243669448561,550352.7876160125,5273509.066737476,47.6130303,-122.32998279999998
283,222.89257698519293,550408.0504893326,5274375.416306079,47.620820699999996,-122.32914779999999
284,222.89257698519293,550406.9391322805,5274503.9027103055,47.6219768,-122.32914779999999
285,222.89257698519293,550405.8294849308,5274632.189092107,47.6231311,-122.32914779999999
286,73.73053303143445,550395.2193793022,5275049.217813448,47.626884,-122.329241
287,73.73053303143445,550511.5054969009,5275463.855654893,47.630605499999994,-122.32764550000002
288,73.73053303143445,550662.1004194408,5275828.300818078,47.63387269999999,-122.3255989
289,73.73053303143445,550687.7076646448,5275940.0812757835,47.6348764,-122.3252451
290,140.3994728427065,548923.5745663819,5274114.143703737,47.618583799999996,-122.34893170000001
291,140.3994728427065,548934.7186735923,5274244.866713758,47.6197591,-122.34876879999999
292,201.2631399977182,551345.9022316852,5273354.811432706,47.61156449999999,-122.31678700000002
293,93.54311810626854,550437.5257698637,5272159.755319136,47.6008837,-122.32901060000002
294,93.54311810626854,550438.030051449,5272065.8082161285,47.600038399999995,-122.3290147
295,138.41879173705084,550439.5448512045,5271670.709603533,47.596483499999984,-122.32904000000002
296,138.41879173705084,550441.5534764903,5271216.708365308,47.5923986,-122.32906550000001
297,93.54311810626854,550044.7864725925,5272064.209998669,47.600054500000006,-122.3342459
298,93.54311810626854,550243.7011542516,5272064.997759665,47.6000462,-122.33159980000002
299,146.83909249980587,550539.1598212114,5272066.239118889,47.6000344,-122.3276694
300,146.83909249980587,550637.4409580493,5272066.613697301,47.6000301,-122.32636200000002
301,146.83909249980587,550834.4154475931,5272067.515905051,47.6000228,-122.3237417
302,76.6904761904762,550499.7127356562,5274378.066002518,47.6208374,-122.3279277
303,90.91666666666669,550697.2724993348,5274380.448135936,47.620843400000005,-122.3252984
304,59.206350118539376,551028.7322460583,5274409.682657511,47.6210804,-122.3208841
305,59.206350118539376,551100.7995513839,5274411.06992817,47.6210872,-122.3199249
306,59.206350118539376,551127.7131000834,5274411.472701013,47.621088699999994,-122.3195667
307,59.206350118539376,551330.104516415,5274415.485860266,47.6211088,-122.3168729
308,59.206350118539376,551412.0296578741,5274417.008274547,47.621115999999994,-122.3157825
309,59.206350118539376,551494.6375631228,5274418.649020347,47.6211242,-122.31468299999999
310,59.206350118539376,551520.222779054,5274418.8529204605,47.621124,-122.31434250000001
311,59.206350118539376,551572.3881806575,5274420.614734693,47.6211357,-122.3136481
312,59.206350118539376,551644.8431702468,5274421.489778474,47.6211378,-122.3126838
313,72.71646346761983,550889.8741642284,5276065.216648799,47.6359864,-122.3225395
314,72.71646346761983,550896.240276665,5276332.224104056,47.6383882,-122.3224237
315,33.118958921703154,550910.6954839025,5275252.317650121,47.62867099999999,-122.3223569
316,100.53125,550931.9506764265,5274148.487078622,47.61873799999999,-122.3222024
317,67.02894950844235,550929.8193410276,5274278.009381531,47.6199035,-122.32221570000002
318,90.91666666666669,550941.7309749516,5274510.887105707,47.6219978,-122.3220301
319,90.91666666666669,550941.712797787,5274636.749011227,47.6231302,-122.3220157
320,890.2412885550517,549845.303684181,5272550.286185728,47.6044432,-122.3368442
321,890.2412885550517,549797.4470495027,5272629.97993338,47.605163899999994,-122.3374718
322,181.60547746585303,549749.0057277265,5272709.635731239,47.60588429999999,-122.3381072
323,890.2412885550517,549944.0826151075,5272393.260150655,47.603022800000005,-122.335548
324,890.2412885550517,549893.6440985557,5272473.064392209,47.6037447,-122.3362099
325,507.6801927547495,550411.2763525199,5272303.951104744,47.6021831,-122.3293432
326,73.73053303143445,550265.3868275735,5275249.059748256,47.6286921,-122.330946
327,517.7530057724063,550488.4285126565,5272736.853425336,47.606072,-122.328267
328,517.7530057724063,550570.2455258879,5272788.222723918,47.6065278,-122.3271726
329,517.7530057724063,550736.8651760707,5272892.880306508,47.6074564,-122.32494380000001
330,517.7530057724063,550815.3819410629,5272942.090406099,47.607893,-122.32389349999998
331,392.83050851292734,550903.1979857144,5272996.13981836,47.6083724,-122.32271889999998
332,507.6801927547495,549988.9092283973,5272420.196932961,47.6032617,-122.3349486
333,890.2412885550517,550073.8351367945,5272472.074794896,47.60372189999999,-122.33381289999998
334,890.2412885550517,550155.8014571405,5272525.284442068,47.604194299999996,-122.3327164
335,890.2412885550517,550238.6034238115,5272579.047082804,47.6046716,-122.3316087
336,890.2412885550517,550319.5055705371,5272628.926660282,47.6051141,-122.33052670000001
337,498.6205852961248,550409.5762441288,5272684.955202641,47.60561119999999,-122.32932200000002
338,140.3994728427065,549705.8365764081,5274635.490336044,47.623214899999994,-122.338463
339,2143.2359624903006,549901.835518841,5274636.565263932,47.623209499999994,-122.33585450000001
340,2143.2359624903006,550015.4608171573,5274632.726764861,47.62316620000001,-122.3343428
341,222.89257698519293,550211.246143134,5274630.720402577,47.623133,-122.33173750000002
342,222.89257698519293,550308.8280012333,5274631.350851547,47.6231311,-122.33043880000001
343,890.2412885550517,549766.9404849666,5273141.133925199,47.609765199999984,-122.33781960000002
344,890.2412885550517,549847.8701436572,5273191.718630951,47.6102141,-122.3367371
345,1275.4010391020638,549934.5387681783,5273246.032563166,47.610696100000006,-122.3355778
346,1275.4010391020638,550016.4211127278,5273297.3724992275,47.61115169999999,-122.33448250000001
347,1275.4010391020638,550100.4626801865,5273350.043688593,47.61161909999999,-122.33335830000001
348,1275.4010391020638,550184.2408509913,5273402.580475084,47.61208529999999,-122.3322376
349,164.6243669448561,550432.745785671,5273559.584671866,47.61347859999999,-122.3289131
350,183.5192023700494,550514.2475763335,5273608.738894755,47.6139145,-122.327823
351,181.60547746585303,549840.6226261836,5272657.346086652,47.605406800000004,-122.3368943
352,181.60547746585303,549923.4138221919,5272709.837095079,47.6058727,-122.3357869
353,890.2412885550517,550005.7027217399,5272762.00267626,47.60633570000001,-122.3346862
354,890.2412885550517,550088.3714677042,5272814.406115041,47.606800799999995,-122.3335804
355,890.2412885550517,550171.0833524539,5272866.8666974995,47.6072664,-122.332474
356,1167.3888665563823,550338.6622422737,5272972.388030039,47.6082028,-122.33023239999999
357,1167.3888665563823,550420.5650680844,5273024.022770327,47.608661,-122.3291368
358,183.5192023700494,550586.7993201972,5273128.428314781,47.6095874,-122.3269131
359,392.83050851292734,550756.5134776321,5273235.614311885,47.61053849999999,-122.3246427
360,392.83050851292734,550836.7013845851,5273285.695175811,47.6109828,-122.32356999999999
361,392.83050851292734,550919.0071363373,5273337.529544707,47.61144270000001,-122.32246890000002
362,392.83050851292734,551001.7169937749,5273390.257807247,47.611910599999995,-122.3213623
363,276.03060324118366,548628.6214537054,5274111.775324987,47.61858469999999,-122.35285689999999
364,507.6801927547495,550038.3279863182,5272341.173878155,47.60254690000001,-122.3343002
365,890.2412885550517,549937.8904053535,5272501.885302195,47.60400059999999,-122.335618
366,890.2412885550517,549889.9765329403,5272578.4101699265,47.604692799999995,-122.3362467
367,181.60547746585303,549741.6902481624,5272815.572890649,47.60683800000001,-122.33819250000002
368,481.6413848528156,549306.3244847043,5273368.358537707,47.6118448,-122.3439224
369,481.6413848528156,549009.4628021176,5273622.445859396,47.614153400000006,-122.3478438
370,104.0276804926654,548940.5309763955,5273681.496297498,47.614689899999995,-122.3487544
371,104.0276804926654,548799.0767976415,5273802.581554065,47.61578999999999,-122.35062310000002
372,104.0276804926654,548727.5477324232,5273864.480272551,47.616352299999996,-122.35156800000001
373,104.0276804926654,548655.7687708572,5273925.888725348,47.61691019999999,-122.35251630000002
374,104.0276804926654,548555.4865069755,5274011.701478176,47.6176898,-122.35384120000002
375,276.03060324118366,548530.6200405996,5274032.38972635,47.6178778,-122.35416980000001
376,276.03060324118366,548457.0572010509,5274094.641545971,47.6184434,-122.3551418
377,276.03060324118366,548441.0501307459,5274109.157457382,47.6185752,-122.3553532
378,138.41879173705084,550245.7763842918,5271871.233247382,47.59830269999999,-122.33159440000001
379,241.63233538745038,551438.278355527,5273554.344154662,47.6133524,-122.31553449999998
380,241.63233538745038,551436.5357636297,5273639.400135253,47.614117799999995,-122.31554770000001
381,66.63043478260873,551435.0722899465,5273768.628129142,47.6152806,-122.315552
382,66.63043478260873,551424.9305213817,5274027.9763925215,47.6176148,-122.31565650000002
383,66.63043478260873,551431.4814054642,5274157.675308302,47.6187812,-122.3155541
384,276.03060324118366,548530.9537733293,5274110.538898724,47.61858089999999,-122.3541567
385,104.0276804926654,548527.5720622637,5273778.374745626,47.6155926,-122.35423850000001
386,276.03060324118366,548719.7263491431,5274000.01242601,47.617572299999985,-122.351657
387,276.03060324118366,548783.3622409396,5274073.767389114,47.618231099999996,-122.35080200000002
388,1.3307245674200359,548818.2459724372,5274114.194136902,47.6185922,-122.35033330000002
389,276.03060324118366,548336.1614275747,5274109.642611343,47.618587399999996,-122.3567489
390,9.905020294261565,548737.079315533,5274113.148065374,47.618588900000006,-122.3514135
391,140.3994728427065,549022.5080329647,5274114.096952966,47.618575899999996,-122.3476152
392,140.3994728427065,549218.2940552569,5274114.824508297,47.618567600000006,-122.34500979999999
393,140.3994728427065,549476.8892164953,5274115.58022191,47.618554700000004,-122.3415686
394,1.3307245674200359,549708.2609274823,5274116.015131046,47.6185409,-122.33848969999998
395,25.894162541933127,549903.7692216978,5274116.752228172,47.6185325,-122.335888
396,25.894162541933127,549949.164813821,5274116.9632624155,47.618530899999996,-122.33528390000001
397,710.2890650336079,550023.1984753069,5274117.309228667,47.6185283,-122.3342987
398,25.894162541933127,550120.7213672887,5274117.924771887,47.61852629999999,-122.33300090000002
399,15.196138850930655,550241.8817205587,5274118.178816891,47.6185192,-122.3313886
400,414.435143232494,549533.1372836173,5273432.922985698,47.61240839999999,-122.3408973
401,414.435143232494,549596.4573420031,5273506.26178299,47.6130634,-122.34004649999999
402,414.435143232494,549657.0588484767,5273576.521634963,47.613690899999995,-122.33923220000001
403,414.435143232494,549724.0220821996,5273654.994509948,47.61439179999999,-122.33833230000002
404,414.435143232494,549767.4442543437,5273703.669029785,47.61482639999999,-122.337749
405,710.2890650336079,549789.9730195251,5273729.469410938,47.6150568,-122.3374463
406,710.2890650336079,549854.9665586106,5273804.09250851,47.6157232,-122.33657300000002
407,710.2890650336079,549981.812201216,5273952.769427758,47.617051100000005,-122.3348682
408,710.2890650336079,550046.0444234599,5274028.833128038,47.6177305,-122.33400480000002
409,66.63043478260873,551132.5370844393,5274151.988411029,47.61875369999999,-122.31953280000002
410,59.206350118539376,551130.5119547358,5274281.7450515665,47.6199213,-122.31954459999999
411,33.118958921703154,551071.2317719234,5275049.579996846,47.6268343,-122.3202439
412,33.118958921703154,551071.1995861689,5275254.689350082,47.628679700000006,-122.3202204
413,33.118958921703154,551071.1895227119,5275456.39788188,47.630494500000005,-122.320197
414,72.71646346761983,551088.1072829174,5275741.047964568,47.6330542,-122.3199386
415,33.118958921703154,551074.840074015,5275960.346055702,47.63502829999999,-122.3200896
416,89.35456371243312,551145.1974663477,5271884.208186207,47.598349099999986,-122.319629
417,89.35456371243312,551145.5156602641,5271790.481663975,47.5975058,-122.31963570000002
418,66.63043478260873,551524.9561942873,5274159.690195215,47.618791900000005,-122.31431000000002
419,59.206350118539376,551522.8894200254,5274289.768797925,47.6199624,-122.3143222
420,59.206350118539376,551493.3802927964,5274511.611911917,47.6219607,-122.3146888
421,59.206350118539376,551493.6315497722,5274638.799030948,47.623105,-122.3146705
422,33.118958921703154,551496.2727075611,5275060.101001141,47.6268953,-122.31458579999999
423,33.118958921703154,551497.1644214758,5275144.535808506,47.6276549,-122.314564
424,33.118958921703154,551496.7105837013,5275227.335994668,47.628399900000005,-122.31456030000001
425,104.0276804926654,548669.8403911607,5273654.566717235,47.614468,-122.35235920000001
426,276.03060324118366,548862.2010233803,5273877.455623251,47.6164589,-122.3497748
427,276.03060324118366,548925.2244337092,5273952.5073964195,47.617129399999996,-122.34892780000001
428,386.0166166894943,548988.9338004186,5274028.010232768,47.617803900000006,-122.3480716
429,890.2412885550517,549793.007725488,5272409.540329455,47.6031809,-122.33755590000001
430,181.60547746585303,549598.9385699905,5272725.1291590985,47.6060352,-122.3401019
431,104.0276804926654,548544.2253874929,5273651.1963235345,47.6144471,-122.354031
432,675.1680654684775,550505.9735587453,5272524.972495668,47.604164299999994,-122.328058
433,675.1680654684775,550457.5192109064,5272604.033375365,47.6048794,-122.32869350000001
434,1275.4010391020638,550344.7158121245,5272755.294728896,47.6062491,-122.33017680000002
435,1275.4010391020638,550303.6007001678,5272840.566589184,47.60701949999999,-122.330714
436,1275.4010391020638,550157.1783346274,5273076.501367651,47.6091536,-122.33263500000001
437,1275.4010391020638,550086.7840606524,5273186.419557394,47.610148,-122.333559
438,1275.4010391020638,549947.9423914527,5273406.2639853405,47.61213670000001,-122.3353812
439,710.2890650336079,549822.1229209378,5273569.538568671,47.61361539999999,-122.3370367
440,414.435143232494,549780.07742376,5273606.891124684,47.6139547,-122.33759190000002
441,414.435143232494,549626.144369814,5273739.298052586,47.6151578,-122.33962510000002
442,386.0166166894943,549262.1086195031,5274054.0200773915,47.6180172,-122.3444336
443,66.63043478260873,551329.752260595,5274156.000460272,47.61877419999999,-122.31690800000001
444,59.206350118539376,551327.2110934041,5274285.830361266,47.6199425,-122.31692659999999
445,59.206350118539376,551336.7791483336,5274510.8304585265,47.6219661,-122.31677290000002
446,59.206350118539376,551337.4493992345,5274638.610282865,47.6231157,-122.31674899999999
447,33.118958921703154,551330.4151171272,5275016.5907675335,47.626517,-122.3167983
448,33.118958921703154,551329.7867645071,5275227.785832394,47.6284172,-122.3167819
449,89.35456371243312,551325.0915718568,5271884.988224729,47.59834190000001,-122.31723599999998
450,89.35456371243312,551325.9753812966,5271791.388903617,47.5974997,-122.3172352
451,73.73053303143445,550562.8901641398,5275937.073643271,47.63485909999999,-122.32690690000001
452,73.73053303143445,550770.9507493031,5275941.350853033,47.6348813,-122.3241369
453,76.6904761904762,550693.8635089083,5274634.976641617,47.62313369999999,-122.32531430000002
454,90.91666666666669,551023.0438888185,5274637.960718704,47.62313470000001,-122.3209332
455,59.206350118539376,551415.1939742807,5274638.373194506,47.623107400000016,-122.31571440000002
456,59.206350118539376,551571.033659819,5274639.905867696,47.623108800000004,-122.3136403
457,59.206350118539376,551646.3913036139,5274648.709181615,47.62318199999999,-122.3126364
458,138.41879173705084,550045.2758085341,5271870.509713553,47.5983117,-122.3342615
459,138.41879173705084,550147.6723530507,5271870.877957661,47.5983071,-122.3328994
460,33.6738327583303,550539.9625636716,5271881.644164023,47.598373499999994,-122.32768000000002
461,89.35456371243312,550638.2164527415,5271882.0518137,47.5983695,-122.326373
462,89.35456371243312,550836.2351328082,5271882.896362065,47.598361600000004,-122.32373890000001
463,89.35456371243312,550933.5117241251,5271883.311582493,47.5983577,-122.3224449
464,93.54311810626854,550044.656773397,5272157.293314445,47.600891999999995,-122.33423700000002
465,93.54311810626854,550147.7149900844,5272157.934065955,47.6008898,-122.33286600000001
466,146.83909249980587,550538.5557098803,5272160.240946743,47.6008802,-122.3276666
467,146.83909249980587,550636.5698467406,5272161.746908742,47.6008861,-122.3263626
468,190.46225795960805,550507.2518434784,5273754.3128862055,47.61522480000001,-122.3278993
469,190.46225795960805,550589.6147590671,5273754.949328649,47.6152241,-122.3268033
470,190.46225795960805,550684.9204621653,5273756.299651275,47.61522879999999,-122.325535
471,190.46225795960805,550843.9205850855,5273759.18485272,47.61524229999999,-122.323419
472,701.4813557327243,550939.5773823096,5273760.775809763,47.6152491,-122.32214600000002
473,66.63043478260873,551532.8324788923,5273770.314073831,47.61528800000001,-122.31425099999998
474,88.07274729213015,551698.967834328,5271608.413506375,47.59582379999999,-122.31229540000001
475,890.2412885550517,549973.4310062515,5272630.774171399,47.6051575,-122.33513050000002
476,890.2412885550517,550055.9976305855,5272683.943136622,47.6056295,-122.334026
477,890.2412885550517,550139.2460249142,5272735.451975513,47.60608649999999,-122.3329126
478,890.2412885550517,550220.92885268,5272787.037462093,47.60654429999999,-122.33182
479,1167.3888665563823,550386.9025405707,5272893.213194418,47.6074867,-122.3295997
480,1167.3888665563823,550470.8773742148,5272945.222197422,47.6079481,-122.3284765
481,183.5192023700494,550630.1949674097,5273045.656736466,47.6088393,-122.3263453
482,183.5192023700494,550721.2606835741,5273101.999014628,47.60933909999999,-122.32512719999998
483,392.83050851292734,550804.0215462577,5273154.635898277,47.6098062,-122.32402000000002
484,392.83050851292734,550886.618781756,5273206.905774633,47.61027,-122.322915
485,392.83050851292734,550968.0560622078,5273258.43314384,47.61072719999999,-122.3218255
486,33.118958921703154,550991.8071343813,5275253.5827156585,47.628676,-122.32127720000001
487,33.118958921703154,551414.2006924374,5275227.807682029,47.628410699999996,-122.3156584
488,66.63043478260873,551332.3888074041,5274026.438176726,47.6176083,-122.31688810000001
489,66.63043478260873,551521.9420354842,5274029.700078391,47.61762259999999,-122.3143654
490,67.02894950844235,550590.0670503138,5274035.3303243015,47.617746699999984,-122.32676490000001
491,67.02894950844235,550628.5770337915,5274034.9756058,47.6177405,-122.3262525
492,100.53125,550679.9393830938,5274036.155552283,47.6177471,-122.3255689
493,100.53125,550838.1926909613,5274038.489610228,47.6177557,-122.3234628
494,100.53125,550838.9730879287,5274017.945490997,47.617570799999996,-122.32345480000001
495,0.33934579516878693,549566.3436352375,5273271.832839912,47.6109565,-122.34047369999999
496,414.435143232494,549631.2752784834,5273347.608654116,47.6116333,-122.33960119999999
497,414.435143232494,549754.2165098193,5273491.534449047,47.612918799999996,-122.3379491
498,414.435143232494,549789.5188785152,5273531.870563032,47.613279,-122.3374748
499,710.2890650336079,549887.0395986793,5273644.528107536,47.6142851,-122.33616440000002
500,710.2890650336079,549951.8950470729,5273719.451192104,47.61495419999999,-122.33529289999998
501,710.2890650336079,550079.4554315761,5273866.224641285,47.61626489999999,-122.33357880000001
502,710.2890650336079,550144.4600954476,5273943.318599949,47.6169535,-122.332705
503,710.2890650336079,550207.125267435,5274016.992100098,47.61761149999999,-122.33186269999999
504,710.2890650336079,550271.6233235084,5274093.182901597,47.618292000000004,-122.3309957
505,222.89257698519293,550313.4446988793,5274141.836723149,47.61872650000001,-122.33043360000002
506,138.41879173705084,550128.8397742277,5271213.946127212,47.592398,-122.333225
507,481.6413848528156,548885.254799639,5273472.723562145,47.612815700000006,-122.3495132
508,104.0276804926654,548813.6167453518,5273534.486979351,47.61337679999999,-122.3504595
509,104.0276804926654,548597.8174664477,5273716.162803366,47.6150276,-122.3533107
510,104.0276804926654,548343.8029754504,5273964.805694343,47.617283699999994,-122.3566632
511,201.2631399977182,551351.1157535291,5272829.425013397,47.60683709999999,-122.31677920000001
512,201.2631399977182,551348.2319567791,5273094.560944626,47.6092228,-122.3167865
513,201.2631399977182,551347.4253141278,5273224.550397712,47.610392399999995,-122.316782
514,201.2631399977182,551343.4410516692,5273495.156308963,47.61282739999999,-122.3168033
515,241.63233538745038,551341.0878113835,5273636.902609314,47.6141029,-122.31681800000001
516,140.3994728427065,549707.7617917272,5274245.907033752,47.6197096,-122.33848159999998
517,140.3994728427065,549707.4650118792,5274375.856262028,47.62087879999999,-122.33847079999998
518,140.3994728427065,549707.1378352821,5274505.838601614,47.6220483,-122.3384604
519,276.03060324118366,548618.3852123629,5274083.970235209,47.6183353,-122.3529962
520,392.83050851292734,550944.2656328686,5273508.103829645,47.61297540000001,-122.322113
521,701.4813557327243,550942.0416332218,5273631.011999025,47.614081399999996,-122.32212830000002
522,73.73053303143445,550552.7154518343,5275430.924774761,47.630306000000004,-122.3271008
523,710.2890650336079,550175.0939645236,5273779.797575171,47.615479900000004,-122.3323161
524,710.2890650336079,550241.683860743,5273858.662364235,47.616184299999986,-122.33142100000002
525,710.2890650336079,550306.292410427,5273934.39876342,47.616860700000004,-122.3305526
526,140.3994728427065,549020.3356437025,5274243.718968521,47.6197423,-122.3476296
527,33.6738327583303,550540.3254831725,5271787.706974827,47.59752829999999,-122.32768600000001
528,181.60547746585303,549873.794132556,5272788.281420826,47.60658229999999,-122.33643810000001
529,890.2412885550517,549957.338270765,5272840.368157033,47.60704449999999,-122.3353207
530,890.2412885550517,550038.5802926653,5272892.525276861,47.607507500000004,-122.3342339
531,890.2412885550517,550121.6353707687,5272946.077348712,47.6079829,-122.33312280000001
532,1167.3888665563823,550369.8675137807,5273102.331395617,47.60936950000001,-122.3298023
533,183.5192023700494,550536.7026853141,5273207.485415536,47.61030259999999,-122.3275705
534,183.5192023700494,550620.77075922,5273260.197723863,47.610770300000006,-122.3264459
535,183.5192023700494,550702.5395734034,5273311.802044567,47.6112282,-122.325352
536,392.83050851292734,550786.8077292504,5273365.363253259,47.61170349999999,-122.3242246
537,392.83050851292734,550869.2261786077,5273417.120116482,47.61216269999999,-122.323122
538,710.2890650336079,550024.276773793,5274045.084743241,47.61787840000001,-122.33429260000001
539,108.99883081564843,550589.344391174,5273630.230020302,47.614102,-122.32682130000002
540,190.46225795960805,550687.3531945369,5273631.237027878,47.61410339999999,-122.3255171
541,190.46225795960805,550845.5972760292,5273631.581515145,47.6140941,-122.32341150000002
542,241.63233538745038,551142.9403025429,5273634.36052608,47.6140957,-122.31945480000002
543,241.63233538745038,551534.9847803359,5273641.625661254,47.61413,-122.3142375
544,276.03060324118366,549073.5731868905,5273695.263190863,47.614803699999996,-122.3469826
545,507.6801927547495,550172.4081826005,5272316.2622491205,47.602312399999995,-122.3325194
546,890.2412885550517,550122.2713089884,5272395.511430087,47.60302930000001,-122.33317730000002
547,890.2412885550517,550022.3902631047,5272553.392004,47.604457499999995,-122.33448799999998
548,181.60547746585303,549823.6962713841,5272867.422289279,47.607298199999995,-122.3370956
549,181.60547746585303,549754.0232391516,5272976.961554013,47.6082891,-122.33801010000002
550,181.60547746585303,549614.4808115842,5273197.063384941,47.6102801,-122.3398417
551,481.6413848528156,549369.3304780447,5273441.036390224,47.6124939,-122.3430759
552,276.03060324118366,549003.9720198668,5273755.285328434,47.615349,-122.34790199999999
553,276.03060324118366,548789.9854167091,5273937.90293189,47.617008199999994,-122.350729
554,89.35456371243312,550836.6328932088,5271788.9594190195,47.5975164,-122.3237445
555,890.2412885550517,549837.6744221228,5273029.514342491,47.608755499999994,-122.3368912
556,890.2412885550517,549918.8813269726,5273080.313556979,47.609206300000004,-122.33580500000001
557,1275.4010391020638,550004.2461334683,5273134.283899298,47.609685299999995,-122.33466310000001
558,1275.4010391020638,550172.0309641255,5273238.012880296,47.6106056,-122.3324189
559,183.5192023700494,550419.7425300749,5273397.232456392,47.612018899999995,-122.3291048
560,183.5192023700494,550501.8863144094,5273449.770845976,47.612485199999995,-122.3280058
561,507.6801927547495,550290.7383624016,5272499.104777463,47.603948300000006,-122.3309243
562,507.6801927547495,550370.5662655485,5272548.986896334,47.604390900000006,-122.3298566
563,517.7530057724063,550537.8972961097,5272656.8901928,47.6053487,-122.3276181
564,517.7530057724063,550620.5567173475,5272710.012471293,47.605820200000004,-122.32651230000002
565,517.7530057724063,550785.8162305916,5272813.926046875,47.60674219999999,-122.32430170000002
566,517.7530057724063,550864.8332664934,5272863.596851662,47.6071829,-122.32324470000002
567,392.83050851292734,550952.0454322178,5272918.886548271,47.60767349999999,-122.32207799999999
568,72.71646346761983,550551.4093503593,5275129.440211474,47.627593600000004,-122.32715299999998
569,222.89257698519293,550312.2057909821,5274247.047981526,47.6196732,-122.330438
570,222.89257698519293,550281.1953391524,5274825.873709614,47.6248834,-122.3307842
571,73.73053303143445,550273.8999338489,5275046.124675429,47.6268656,-122.330856
572,228.118409685993,551151.0434400694,5273422.642592739,47.61219020000001,-122.31937170000002
573,241.63233538745038,551145.3007463899,5273506.6631622445,47.6129466,-122.31943830000002
574,517.7530057724063,550670.8443262532,5272629.479487525,47.6050917,-122.32585259999999
575,1167.3888665563823,550519.9379856468,5272867.900556019,47.60724859999999,-122.32783270000002
576,1275.4010391020638,550115.3282885386,5273510.999495988,47.613066100000005,-122.3331421
577,66.63043478260873,551641.778402765,5274258.533012392,47.6196719,-122.31274380000002
578,59.206350118539376,551641.7631573343,5274291.632292009,47.6199697,-122.3127401
579,59.206350118539376,551646.3752861231,5274511.465326579,47.6219472,-122.31265279999998
580,414.435143232494,549432.9009056002,5274036.28236849,47.6178446,-122.3421629
581,140.3994728427065,549510.3446670595,5274504.874688403,47.62205469999999,-122.34107940000001
582,2143.2359624903006,549902.4750862537,5274503.962470613,47.62201639999999,-122.33586110000002
583,2143.2359624903006,550017.1947502831,5274504.245739098,47.62201009999999,-122.3343344
584,2143.2359624903006,550115.8499162098,5274500.891992977,47.6219723,-122.33302190000002
585,190.46225795960805,550505.3218370749,5273637.91517973,47.6141777,-122.32793840000001
586,67.02894950844235,550505.4131630908,5274118.278037121,47.6184996,-122.3278818
587,517.7530057724063,550919.3696036572,5272787.404373022,47.60649310000001,-122.32252799999999
588,517.7530057724063,550769.9601107218,5273022.375561912,47.60861890000001,-122.3244885
589,183.5192023700494,550570.6230073688,5273339.154063991,47.6114846,-122.32710399999999
590,108.99883081564843,550848.5873356793,5273508.502189652,47.61298649999999,-122.323386
591,392.83050851292734,551019.4675960704,5273180.913864355,47.6100257,-122.3211505
592,183.5192023700494,550487.9465832543,5273287.25476375,47.611024099999995,-122.32821
593,392.83050851292734,550737.6629639067,5273442.904260232,47.612404999999995,-122.3248695
594,890.2412885550517,549907.2529190923,5272919.71960899,47.60776229999998,-122.335978
595,890.2412885550517,549988.7371550642,5272970.722209142,47.60821489999999,-122.33488810000001
596,890.2412885550517,550073.3311545816,5273023.542128239,47.60868359999999,-122.3337566
597,33.118958921703154,551401.9436241365,5275017.732615903,47.62652159999999,-122.31584620000001
598,59.206350118539376,551424.5468792131,5274287.788758968,47.61995239999999,-122.3156311
599,59.206350118539376,551415.2484844418,5274511.255492087,47.6219637,-122.31572859999999
600,33.118958921703154,551426.7360471449,5275018.073644809,47.62652270000001,-122.3155162
601,890.2412885550517,549698.2663354584,5273249.493104666,47.6107454,-122.338721
602,890.2412885550517,549779.6334261347,5273300.669687637,47.6111996,-122.3376326
603,1275.4010391020638,549866.4724524576,5273355.1508066505,47.6116831,-122.33647100000002
604,1275.4010391020638,550031.5405467986,5273457.941208358,47.61259520000001,-122.334263
605,67.02894950844235,550699.416888142,5274247.969435238,47.619651299999994,-122.3252852
606,59.206350118539376,551582.6959306734,5274290.9647075515,47.6199684,-122.3135262
607,73.73053303143445,550563.8578531032,5275826.458018468,47.6338638,-122.32690680000002
608,73.73053303143445,550746.3578264462,5275828.878617315,47.63387130000001,-122.32447730000001
609,90.91666666666669,551024.7906969282,5274510.546757342,47.62198819999999,-122.3209248
610,59.206350118539376,551572.7277374391,5274511.313258321,47.62195169999999,-122.31363290000002
611,2143.2359624903006,549903.7755462929,5274247.659938246,47.6197103,-122.33587300000002
612,2143.2359624903006,549903.6582611167,5274375.443416139,47.62086,-122.33585999999998
613,108.99883081564843,550689.4409229568,5273506.960565697,47.61298510000001,-122.32550369999998
614,108.99883081564843,550698.369663062,5273506.949294965,47.61298430000001,-122.3253849
615,88.07274729213015,551568.2695367144,5271606.989801958,47.5958214,-122.31403399999999
616,88.07274729213015,551661.0464639739,5271607.532905742,47.59581889999999,-122.3127999
617,73.73053303143445,550158.201183455,5275057.80931189,47.62697969999999,-122.33239450000002
618,73.73053303143445,550126.5519170975,5275086.823952096,47.6272432,-122.3328124
619,2143.2359624903006,550119.700692291,5274244.477918646,47.61966499999999,-122.333
620,2143.2359624903006,550118.5961202949,5274372.919851179,47.620820699999996,-122.333
621,72.71646346761983,550976.2214352915,5276208.59498789,47.6372696,-122.3213734
622,72.71646346761983,550975.7766405555,5276333.23090027,47.63839099999999,-122.32136480000001
623,33.118958921703154,550991.8844720213,5275049.863132115,47.6268431,-122.3212999
624,72.71646346761983,550990.0535862329,5275455.653841403,47.6304942,-122.32127699999998
625,414.435143232494,549434.8481338074,5273516.903906469,47.61317149999999,-122.34219559999998
626,414.435143232494,549498.2406044918,5273590.597922201,47.61382969999999,-122.3413438
627,414.435143232494,549558.929721737,5273661.190940003,47.6144602,-122.34052829999999
628,414.435143232494,549691.355168405,5273815.110405995,47.6158349,-122.33874880000002
629,710.2890650336079,549883.101200597,5274037.9729270395,47.61782529999999,-122.336172
630,890.2412885550517,550105.0291827202,5272604.350467533,47.6049096,-122.3333828
631,890.2412885550517,550188.1373177468,5272655.647604611,47.605364699999996,-122.33227130000002
632,890.2412885550517,550269.9463764902,5272708.3685336355,47.60583269999999,-122.3311769
633,1167.3888665563823,550440.6452455221,5272817.631897189,47.6068025,-122.32889339999998
634,183.5192023700494,550686.4634258605,5272971.9890731,47.60817209999999,-122.3256052
635,392.83050851292734,550853.4985736732,5273075.564516926,47.6090909,-122.3233709
636,507.6801927547495,550254.5991483406,5272367.985831664,47.6027714,-122.33142010000002
637,507.6801927547495,550339.4221030398,5272421.167099453,47.603243299999995,-122.3302856
638,507.6801927547495,550420.612528483,5272471.772981957,47.6036923,-122.3291997
639,517.7530057724063,551001.5436756305,5272839.560938518,47.6069559,-122.32142870000001
640,72.71646346761983,550681.9474050176,5275099.57553989,47.6273147,-122.3254191
641,67.02894950844235,550673.9480192283,5274119.351906923,47.6184961,-122.32563900000001
642,89.35456371243312,550638.5958928306,5271788.125863483,47.59752440000001,-122.32637880000001
643,89.35456371243312,550933.9110511914,5271789.374634726,47.59751249999999,-122.3224505
644,89.35456371243312,550991.6849175302,5271789.523772875,47.5975093,-122.32168200000001
645,72.71646346761983,550681.4732004271,5275218.008933588,47.6283803,-122.3254117
646,414.435143232494,549759.6037254357,5273755.840615131,47.615296399999984,-122.3378474
647,414.435143232494,549392.9385941233,5274065.274933204,47.61810849999999,-122.34269140000002
648,33.118958921703154,551415.3148648251,5275610.661944035,47.6318552,-122.31559860000002
649,276.03060324118366,549138.2777463516,5273770.509243669,47.61547579999999,-122.34611320000002
650,276.03060324118366,549068.6519615187,5273829.907989792,47.6160155,-122.347033
651,276.03060324118366,548854.4247710996,5274012.610129793,47.6176755,-122.34986320000002
652,73.73053303143445,550369.7692357244,5276312.731389671,47.63825400000001,-122.32943429999999
653,2143.2359624903006,550020.5014711418,5274245.048347884,47.6196778,-122.33432
654,2143.2359624903006,550017.9841423477,5274374.622943348,47.620843799999996,-122.33433870000002
655,2143.2359624903006,550011.086597632,5274849.090570804,47.6251132,-122.33437629999999
656,140.3994728427065,549512.1012987854,5274245.919827288,47.619724700000006,-122.3410853
657,140.3994728427065,549510.8518108513,5274375.305174681,47.62088889999999,-122.34108729999998
658,222.89257698519293,550215.7266761913,5274245.893578159,47.619670299999996,-122.33172200000001
659,222.89257698519293,550209.1682528183,5274804.723946374,47.624698699999996,-122.3317452
660,507.6801927547495,550519.8060819764,5272313.970902644,47.6022648,-122.3278983
661,386.0166166894943,549262.2496237076,5273916.411793327,47.61677910000001,-122.34444719999999
662,386.0166166894943,549193.2917165316,5273974.191975447,47.61730419999999,-122.3453583
663,104.0276804926654,548759.9628336639,5273472.496704375,47.61282310000001,-122.3511803
664,386.0166166894943,549132.9109171069,5273904.350021382,47.6166804,-122.3461696
665,386.0166166894943,549201.9139992706,5273844.802293542,47.6161394,-122.3452581
666,72.71646346761983,550850.3582008281,5275851.881474259,47.63407010000001,-122.3230903
667,184.8392083966153,549324.4114821238,5275069.174852721,47.627146,-122.3434902
668,184.8392083966153,549318.9167420024,5274875.923457193,47.625407700000004,-122.3435851
669,276.03060324118366,548336.9833915166,5274073.960628462,47.6182663,-122.35674190000002
670,190.46225795960805,550467.800812994,5273868.3515471155,47.6162539,-122.3284111
671,710.2890650336079,550020.7574471163,5274000.6962023,47.61747929999999,-122.33434450000001
672,276.03060324118366,548584.8746285166,5274111.2215395095,47.618583,-122.3534391
673,33.118958921703154,551088.5694952834,5274885.490941199,47.6253566,-122.3200323
674,33.118958921703154,551024.7910513706,5274852.9108298905,47.625068500000005,-122.3208849
675,100.53125,550699.5635135027,5274119.674707405,47.618497000000005,-122.3252981
676,100.53125,550700.0541888813,5274036.486094859,47.6177485,-122.32530119999998
677,228.118409685993,551220.6593450801,5273417.863255422,47.61214170000001,-122.31844599999998
678,241.63233538745038,551535.7953162695,5273615.4022982875,47.61389400000001,-122.3142298
679,72.71646346761983,550515.8349708904,5275154.284070331,47.6278199,-122.3276236
680,138.41879173705084,550121.5939444723,5271870.787166692,47.5983083,-122.3332463
681,276.03060324118366,548649.6721276965,5274060.268329857,47.6181197,-122.3525825
682,140.3994728427065,549323.851290616,5274244.946015121,47.61973029999999,-122.3435905
683,140.3994728427065,549310.2905833969,5274244.553400226,47.6197278,-122.343771
684,33.118958921703154,551646.845493733,5274789.069053797,47.624444800000006,-122.31261379999998
685,59.206350118539376,551646.4557446385,5274528.671518049,47.622101999999984,-122.3126497
686,88.07274729213015,551426.8525939687,5271606.163618923,47.595825199999986,-122.3159151
687,0.8996828078850063,551648.3827735704,5275664.962564679,47.6323252,-122.31249
688,93.54311810626854,550242.7027885745,5272158.195897476,47.600884799999996,-122.3316024
689,222.89257698519293,550066.7635696679,5274794.151262362,47.624614599999994,-122.3336416
690,17.254071848968326,550444.9966795455,5274347.104753232,47.6205631,-122.3286594
691,222.89257698519293,550194.0101192979,5274861.7002289565,47.6252125,-122.33194040000001
692,72.71646346761983,550627.0356401202,5275401.582857479,47.63003619999999,-122.326115
693,201.2631399977182,551304.8012811206,5273094.767674195,47.6092281,-122.31736430000001
694,146.83909249980587,550785.1361363169,5271974.479902523,47.599189599999995,-122.324408
695,146.83909249980587,550728.308761258,5272162.177389274,47.6008828,-122.3251422
696,93.54311810626854,550196.8928341825,5271972.02150779,47.59921329999999,-122.3322331
697,93.54311810626854,550434.0086776747,5272252.642724597,47.6017197,-122.3290467
698,392.83050851292734,550925.9475543838,5273452.448528472,47.612476099999995,-122.3223632
699,498.6205852961248,550455.5175206583,5272645.1177719645,47.6052492,-122.3287154
700,2143.2359624903006,549805.0519176095,5274246.237479065,47.6197051,-122.33718689999999
701,0.1892950671402848,551562.1335889064,5276066.482941698,47.635944599999995,-122.3135907
702,675.1680654684775,550586.7158176838,5272393.820110166,47.60297799999999,-122.32699900000001
703,146.83909249980587,550768.0150238669,5272201.990785619,47.601237900000015,-122.3246094
704,72.71646346761983,550501.0002554059,5274972.575843968,47.62618619999999,-122.32784200000002
705,33.118958921703154,550669.1095923451,5275037.021892813,47.6267529,-122.32559720000002
706,72.71646346761983,550669.4828208784,5275093.465229457,47.62726070000001,-122.3255857
707,73.73053303143445,550038.2543754445,5274943.019952112,47.62595619999998,-122.33400400000001
708,507.6801927547495,549672.9862806916,5272292.614189624,47.6021381,-122.33916580000002
709,93.54311810626854,549656.986879199,5272284.108675263,47.6020628,-122.3393796
710,93.54311810626854,549673.0286324803,5272284.111919047,47.60206159999999,-122.33916620000001
711,890.2412885550517,549621.5101637436,5272376.324211065,47.6028952,-122.3398411
712,890.2412885550517,549668.9381393723,5272379.56218954,47.6029207,-122.3392098
713,1167.3888665563823,550370.1471339782,5273292.671126267,47.611082,-122.32977669999998
714,1167.3888665563823,550426.1745584293,5272828.210074206,47.606898799999996,-122.3290847
715,414.435143232494,549358.2099503926,5274094.812242592,47.618376899999994,-122.34315020000001
716,710.2890650336079,549756.2453990768,5273890.420631745,47.61650749999999,-122.3378768
717,1.3307245674200359,548884.8729049787,5274114.163516962,47.6185869,-122.3494467
718,140.3994728427065,548912.430873397,5274219.705196631,47.61953439999999,-122.34906819999999
719,386.0166166894943,548913.5525555253,5274086.0508936765,47.6183318,-122.34906819999999
720,93.54311810626854,550258.6853060361,5272182.563365166,47.60110279999999,-122.331387
721,498.6205852961248,550381.6802540726,5272733.829429666,47.6060531,-122.32968749999999
722,861.2960378420141,550317.0841081664,5273533.043834262,47.6132488,-122.3304551
723,1275.4010391020638,550250.4849776677,5273234.3205476245,47.61056630000001,-122.33137550000001
724,481.6413848528156,549076.8832326764,5273418.138497192,47.612310099999995,-122.34696959999998
725,181.60547746585303,549673.4946349672,5272925.614739282,47.607833299999996,-122.33908729999999
726,181.60547746585303,549635.383259102,5272902.14965467,47.6076251,-122.33959700000001
727,181.60547746585303,549630.1921091642,5272899.182335337,47.60759879999999,-122.3396664
728,414.435143232494,549713.684002168,5274070.513820321,47.61813109999999,-122.33842270000001
729,517.7530057724063,550498.3245829251,5272692.98094653,47.6056765,-122.3281404
730,12.32029484700101,549643.5249218247,5273361.872914898,47.6117607,-122.3394366
731,138.41879173705084,549964.1756556631,5271223.4479609635,47.5924962,-122.335414
732,138.41879173705084,549926.7942114512,5271863.64803058,47.59825909999999,-122.33583829999999
733,138.41879173705084,550440.7125337619,5271420.041904174,47.594228099999995,-122.32905329999998
734,1167.3888665563823,550429.4210976337,5272920.400281159,47.607728,-122.3290309
735,89.35456371243312,550874.4183419247,5271602.73071532,47.5958379,-122.3232635
736,89.35456371243312,551041.259783214,5271603.754812695,47.59583400000001,-122.3210442
737,507.6801927547495,550052.2172180256,5272251.254004345,47.6017368,-122.33412570000002
738,93.54311810626854,550054.191474782,5271971.295209317,47.599217800000005,-122.33413140000002
739,93.54311810626854,550052.6997154689,5272157.373452493,47.60089209999999,-122.33412999999999
740,138.41879173705084,550055.228998708,5271870.550667298,47.59831129999999,-122.33412910000001
741,93.54311810626854,550053.1690469981,5272064.148560463,47.600053300000006,-122.3341344
742,33.118958921703154,551051.7248847004,5275960.243452269,47.63502919999999,-122.32039730000001
743,33.118958921703154,550990.8295388971,5274882.778661902,47.62533990000001,-122.3213334
744,392.83050851292734,550945.2580543656,5273481.40409382,47.6127351,-122.32210289999999
745,392.83050851292734,550958.0072073461,5273460.486682878,47.6125459,-122.3219357
746,392.83050851292734,550954.3224537441,5273496.83259409,47.6128732,-122.32198050000001
747,67.02894950844235,550775.307852406,5274240.249695613,47.619575899999994,-122.32427620000001
748,138.41879173705084,550437.0961106063,5271889.545318868,47.598452599999995,-122.3290474
749,89.35456371243312,551174.1731048174,5271610.632286143,47.59588539999999,-122.3192755
750,89.35456371243312,551321.3986959329,5271605.779437347,47.5958301,-122.31731780000001
751,710.2890650336079,549804.566803269,5274113.058336846,47.61850690000001,-122.33720850000002
752,104.0276804926654,548317.693859321,5273934.213157446,47.6170104,-122.35701399999999
753,414.435143232494,549512.7859956173,5274094.556186726,47.6183628,-122.34109329999998
754,222.89257698519293,550374.8568887956,5274247.8225753205,47.619675300000004,-122.3296042
755,507.6801927547495,550091.8035974215,5272251.216002844,47.60173340000001,-122.3335991
756,67.02894950844235,550700.0118722579,5274166.615624656,47.618919299999995,-122.32528670000002
757,67.02894950844235,550568.0271437245,5273951.123742677,47.61699079999999,-122.32706790000002
758,67.02894950844235,550928.2594237583,5274401.479232863,47.6210145,-122.3222221
759,93.54311810626854,549900.2135692143,5272247.339458203,47.601713299999986,-122.33614820000001
760,108.99883081564843,550591.0828070191,5273504.394480846,47.6129697,-122.3268127
761,190.46225795960805,550507.7631205663,5273826.273252396,47.6158722,-122.3278842
762,183.5192023700494,550588.3741744157,5273494.345605555,47.6128795,-122.32684990000001
763,222.89257698519293,550116.3202474194,5274629.692073792,47.6231311,-122.33300090000002
764,25.894162541933127,549865.6398938644,5274116.614825987,47.618534200000006,-122.33639540000001
765,2143.2359624903006,549853.3348820686,5274247.005958518,47.61970829999999,-122.33654429999999
766,25.894162541933127,549770.4011867425,5274116.045285305,47.6185364,-122.3376628
767,222.89257698519293,550311.1048431684,5274374.578578365,47.62082070000001,-122.330438
768,414.435143232494,549323.2572931089,5274000.787162884,47.61753360000001,-122.3436259
769,710.2890650336079,549738.3408331077,5273905.794889024,47.616647199999996,-122.33811330000002
770,414.435143232494,549742.440647087,5273874.497871028,47.6163653,-122.33806230000002
771,2143.2359624903006,549902.5334613965,5274805.135276468,47.62472609999998,-122.33582600000001
772,140.3994728427065,549704.4137408033,5274802.29715421,47.62471579999999,-122.338463
773,93.54311810626854,549922.1630788619,5271969.941303767,47.599215799999996,-122.33588780000001
774,72.71646346761983,550681.715942521,5275151.23433331,47.62777950000001,-122.3254162
775,138.41879173705084,550051.4177262227,5271664.643098688,47.596458999999996,-122.3342033
776,507.6801927547495,550205.2420873332,5272446.507475398,47.6034817,-122.33206769999998
777,93.54311810626854,549938.1027688326,5272062.739799078,47.60004949999999,-122.33566520000001
778,138.41879173705084,549942.5975301173,5271866.172959767,47.5982806,-122.3356278
779,93.54311810626854,549934.9154105157,5272156.674958701,47.60089490000001,-122.3356969
780,93.54311810626854,549937.9631619544,5271970.17659969,47.5992167,-122.3356776
781,890.2412885550517,549846.6501015169,5272334.73083022,47.6025037,-122.3368508
782,481.6413848528156,549193.2621060818,5273314.242456328,47.6113665,-122.34543280000001
783,481.6413848528156,549204.0785967173,5273330.138636441,47.611508699999995,-122.34528709999998
784,276.03060324118366,548426.766388223,5274060.079182255,47.6181347,-122.35554870000001
785,140.3994728427065,549569.1183256576,5274115.6859009685,47.6185486,-122.34034130000002
786,414.435143232494,549710.2810904331,5273410.301112322,47.6121913,-122.3385429
787,414.435143232494,549695.5555964491,5273423.768684434,47.6123136,-122.3387373
788,15.196138850930655,550291.8086920712,5274116.66436185,47.618501699999996,-122.33072440000001
789,93.54311810626854,550342.2324634586,5272196.621451471,47.601222799999995,-122.33027400000002
790,72.71646346761983,550757.4591311252,5275498.914890712,47.63090170000001,-122.3243678
791,72.71646346761983,550791.2671827344,5275499.03170933,47.630900100000005,-122.3239178
792,2143.2359624903006,550047.2930238644,5274758.4839500645,47.624295200000006,-122.3339048
793,140.3994728427065,549317.018598558,5274504.458031148,47.6220657,-122.34365220000001
794,140.3994728427065,549307.2048850104,5274504.452791252,47.62206639999999,-122.3437828
795,2143.2359624903006,549802.62662604,5274785.007821072,47.6245527,-122.33715789999998
796,2143.2359624903006,549803.3612074226,5274504.748434137,47.622031099999994,-122.33718000000002
797,89.35456371243312,551027.0963704115,5271603.664236168,47.5958343,-122.3212326
798,73.73053303143445,550582.5947499493,5275625.701358275,47.63205609999999,-122.32668060000002
799,140.3994728427065,549704.6095776492,5274785.504669819,47.62456470000001,-122.33846230000002
800,2143.2359624903006,549901.5310515525,5274787.065463542,47.6245636,-122.3358414
801,2143.2359624903006,550013.8114210909,5274746.981847879,47.62419429999999,-122.33435170000001
802,140.3994728427065,549215.4614244867,5274373.725657314,47.62089720000001,-122.34501840000001
803,184.8392083966153,549607.7835497948,5275067.979484514,47.6271136,-122.33971890000001
804,184.8392083966153,549608.3201606992,5275035.8406360485,47.62682439999999,-122.3397154
805,184.8392083966153,549636.3977562105,5275024.498347044,47.62672020000001,-122.339343
806,73.73053303143445,549801.4466519161,5274919.551085367,47.625763299999996,-122.3371583
807,2143.2359624903006,550012.1565303692,5274811.976969694,47.624779200000006,-122.3343663
808,2143.2359624903006,550013.1680111538,5274788.678323329,47.62456950000001,-122.3343555
809,73.73053303143445,550142.9960033708,5275105.537967426,47.627410299999994,-122.33259140000001
810,73.73053303143445,550009.1267815811,5274919.851567308,47.62575,-122.33439430000001
811,392.83050851292734,551047.3656903415,5272969.936097641,47.60812529999999,-122.3208039
812,140.3994728427065,549608.2979948404,5274785.150747559,47.62456889999999,-122.3397441
813,73.73053303143445,550010.5008700138,5274941.848054798,47.6259478,-122.3343735
814,138.41879173705084,549887.4917418364,5271250.011182427,47.59274109999999,-122.33643090000001
815,140.3994728427065,549608.6194439303,5274802.114353656,47.6247215,-122.3397379
816,201.2631399977182,551146.5117116703,5273094.488360214,47.609238100000006,-122.3194703
817,72.71646346761983,550838.3192560535,5275682.711488748,47.632549,-122.3232702
818,33.6738327583303,550540.9337693467,5271641.155571794,47.5962097,-122.3276948
819,33.6738327583303,550538.8336353389,5271597.201500337,47.5958144,-122.3277278
820,93.54311810626854,549836.2269535741,5272250.793537521,47.60174930000001,-122.33699900000002
821,146.83909249980587,550835.033928886,5271980.171804627,47.5992369,-122.3237436
822,93.54311810626854,550147.3115218977,5271975.796286436,47.5992511,-122.3328922
823,138.41879173705084,550246.6338912562,5271763.8406464495,47.59733639999999,-122.33159530000002
824,73.73053303143445,550586.1324312452,5275630.133473096,47.6320957,-122.32663299999999
825,222.89257698519293,550386.1027957324,5274226.513057519,47.61948269999999,-122.32945700000002
826,890.2412885550517,549673.0094657887,5272335.783303994,47.60252650000001,-122.3391606
827,1167.3888665563823,550335.8600748788,5273347.425542901,47.61157729999999,-122.33022660000002
828,517.7530057724063,550504.3594352568,5272634.092584238,47.6051462,-122.3280669
829,241.63233538745038,551277.9646321931,5273507.05059205,47.612939600000004,-122.31767310000001
830,184.8392083966153,549321.7858657975,5274971.044150075,47.6262633,-122.3435362
831,414.435143232494,549792.7200111127,5273462.420691977,47.61265389999999,-122.3374401
832,675.1680654684775,550556.6903672087,5272336.830914653,47.60246759999999,-122.327405
833,0.1892950671402848,551603.1704966918,5275916.77601406,47.63459439999998,-122.3130621
834,140.3994728427065,549510.3757616763,5274633.881957643,47.62321540000001,-122.3410644
835,140.3994728427065,549412.9615385274,5274633.010663465,47.623215,-122.3423609
836,140.3994728427065,549411.3386918163,5274780.087333556,47.6245384,-122.34236590000002
837,140.3994728427065,549411.6467796164,5274765.907732803,47.62441079999999,-122.3423634
838,140.3994728427065,549508.4526555844,5274780.633764706,47.6245359,-122.34107340000001
839,184.8392083966153,549608.8624694912,5274883.008439486,47.6254493,-122.3397255
840,140.3994728427065,549252.1425984376,5274564.561621488,47.6226114,-122.3445088
841,222.89257698519293,550114.8730900789,5274756.897415977,47.624275700000005,-122.3330056
842,517.7530057724063,550871.8088047242,5272867.881255552,47.6072209,-122.3231514
843,517.7530057724063,550822.2892923534,5272946.429730912,47.60793149999999,-122.32380109999998
844,2143.2359624903006,549802.6642878992,5274802.580324171,47.6247108,-122.33715540000001
845,33.6738327583303,550509.7074973354,5271625.080173747,47.5960675,-122.32811200000002
846,517.7530057724063,550787.1285699714,5272994.6274502985,47.60836789999999,-122.3242633
847,73.73053303143445,550022.0128585849,5274961.008425321,47.626119299999985,-122.33421810000002
848,72.71646346761983,550884.1722557306,5275740.129970054,47.63306200000001,-122.3226532
849,93.54311810626854,550342.8245538061,5272046.168658612,47.59986909999999,-122.33028339999998
850,93.54311810626854,550342.7034980486,5272065.418043022,47.60004229999999,-122.3302828
851,1275.4010391020638,550303.056819834,5273002.92369339,47.608480300000004,-122.3307026
852,76.6904761904762,550543.0967238724,5274633.378049555,47.62313110000001,-122.32732090000002
853,146.83909249980587,550855.6667267642,5272067.612260685,47.600022,-122.32345900000001
854,45.83622727847999,549339.6331103059,5275069.292615845,47.627145899999995,-122.34328760000001
855,183.5192023700494,550687.1462173332,5273081.062522383,47.6091534,-122.32558350000001
856,183.5192023700494,550687.2178535311,5273154.952978617,47.60981819999999,-122.325574
857,183.5192023700494,550650.4611034447,5273212.3738539945,47.610337699999995,-122.3260564
858,93.54311810626854,549786.1693320257,5272235.828139523,47.601618499999994,-122.33766660000002
859,386.0166166894943,548948.7360341009,5274063.828170425,47.61812919999999,-122.34860250000001
860,228.118409685993,551154.242840384,5273375.800334547,47.6117685,-122.3193346
861,201.2631399977182,551350.5648441032,5272893.6848454205,47.607415299999985,-122.31677900000001
862,201.2631399977182,551304.9016713611,5273224.28717127,47.6103934,-122.31734780000001
863,138.41879173705084,550347.9090261062,5271929.176174741,47.598816099999986,-122.3302292
864,181.60547746585303,549647.8079217344,5272645.264614554,47.6053129,-122.33946080000001
865,181.60547746585303,549695.9416191839,5272568.083921881,47.60461480000001,-122.33882920000002
866,88.07274729213015,551682.8985954107,5271607.893205606,47.5958204,-122.3125092
867,73.73053303143445,549802.6207433698,5274958.884581173,47.6261171,-122.3371382
868,222.89257698519293,550212.016256753,5274502.097687842,47.62197570000001,-122.33174200000002
869,222.89257698519293,550309.9956236758,5274503.0649856385,47.62197679999999,-122.330438
870,222.89257698519293,550214.6251585706,5274373.735363744,47.6208206,-122.33172200000001
871,481.6413848528156,549604.4286657245,5273315.803671972,47.6113492,-122.339962
872,140.3994728427065,549318.5875363472,5274807.39925036,47.62479119999999,-122.34359720000002
873,140.3994728427065,549317.8314090357,5274373.779696184,47.6208899,-122.3436561
874,66.63043478260873,551337.7631544654,5273766.925567969,47.61527300000001,-122.316847
875,72.71646346761983,550990.3060238336,5275853.404922707,47.6340728,-122.3212273
876,183.5192023700494,550673.4957298744,5273182.353434034,47.610065799999994,-122.3257534
877,183.5192023700494,550666.9894681489,5273178.584611291,47.6100324,-122.3258404
878,414.435143232494,549790.6010656701,5273465.003403987,47.61267730000001,-122.33746800000002
879,1275.4010391020638,550265.5672553305,5273429.856120945,47.61232439999999,-122.3311524
880,1275.4010391020638,550246.0225991729,5273441.61358283,47.6124317,-122.3314111
881,710.2890650336079,550108.2618482497,5274103.046340978,47.6183934,-122.33316839999999
882,481.6413848528156,549193.485952777,5273242.288721446,47.6107191,-122.34543790000001
883,138.41879173705084,549936.7173474954,5271664.360198067,47.5964653,-122.335729
884,138.41879173705084,549956.27585241,5271490.073755574,47.5948957,-122.3354887
885,138.41879173705084,549950.8148655863,5271570.285122287,47.5956178,-122.3355522
886,140.3994728427065,549233.7385611042,5274406.423510429,47.62119,-122.3447715
887,138.41879173705084,549954.2954324413,5271664.255081992,47.596463,-122.3354952
888,140.3994728427065,549408.7748014457,5274373.4830110455,47.62088030000001,-122.3424459
889,25.894162541933127,550107.2852663395,5274117.864816196,47.6185268,-122.3331797
890,88.07274729213015,551503.2692641993,5271982.24449474,47.59920280000001,-122.3148545
891,414.435143232494,549507.410773864,5274112.49391317,47.6185246,-122.34116280000002
892,2143.2359624903006,549804.6104513999,5274119.382909913,47.618563800000004,-122.3372072
893,88.07274729213015,551605.3999596597,5271888.450867355,47.5983508,-122.313507
894,88.07274729213015,551627.4883899351,5271855.202509794,47.59804989999999,-122.31321709999999
895,66.63043478260873,551139.1939655812,5273764.124190452,47.615263500000005,-122.3194895
896,66.63043478260873,551238.2595627558,5273766.072282268,47.61527319999999,-122.31817109999999
897,222.89257698519293,550328.7886397061,5274852.870746628,47.6251226,-122.33014770000001
898,66.63043478260873,551087.9789639179,5274151.408714493,47.618752,-122.3201258
899,164.6243669448561,550445.7245783184,5273720.325141337,47.614923799999985,-122.3287219
900,76.6904761904762,550547.3101973681,5274505.396432343,47.6219793,-122.32727959999998
901,710.2890650336079,550376.5441183926,5273831.761999715,47.61593179999999,-122.32962959999999
902,33.118958921703154,551158.8447845688,5274885.7740785675,47.62535359999999,-122.31909699999999
903,59.206350118539376,551104.6084622619,5274764.204157868,47.6242641,-122.319833
904,33.118958921703154,551099.7865907275,5274768.240943524,47.6243008,-122.3198967
905,59.206350118539376,551093.8745848492,5274763.776591241,47.62426109999999,-122.3199759
906,59.206350118539376,551099.4005543898,5274757.42301582,47.624203500000014,-122.31990309999999
907,33.118958921703154,551567.018070257,5274767.611015315,47.6242581,-122.3136787
908,59.206350118539376,551571.5754905898,5274762.927620717,47.62421559999999,-122.3136186
909,33.118958921703154,551575.4371322654,5274767.240939627,47.6242541,-122.3135667
910,33.118958921703154,551571.192093415,5274771.438051165,47.6242922,-122.31362270000001
911,33.118958921703154,550906.1332500273,5275049.54677681,47.626847,-122.3224412
912,33.118958921703154,550911.2194337823,5275053.91481005,47.62688589999999,-122.322373
913,33.118958921703154,550915.8362057972,5275049.231431177,47.6268434,-122.3223121
914,33.118958921703154,550911.0178366927,5275044.310002173,47.62679949999999,-122.32237680000001
915,33.118958921703154,551151.963882597,5276057.00902818,47.6358919,-122.3190517
916,33.118958921703154,551152.5156180026,5275965.0956229465,47.6350649,-122.3190551
917,33.118958921703154,551148.3067864995,5275961.024042172,47.6350286,-122.31911160000001
918,33.118958921703154,551152.5664754863,5275956.73784479,47.6349897,-122.3190554
919,33.118958921703154,551156.6976498502,5275961.097727776,47.63502859999999,-122.3189999
920,33.118958921703154,551142.3297617229,5275657.7637023935,47.63230059999999,-122.31922660000001
921,33.118958921703154,551150.7879899559,5275657.915766437,47.63230130000001,-122.31911400000001
922,33.118958921703154,551146.8246812874,5275661.793326477,47.6323365,-122.3191663
923,33.118958921703154,551149.2577762158,5275453.981786594,47.63046659999999,-122.3191582
924,33.118958921703154,551152.3296514603,5275457.520987418,47.63049819999999,-122.3191169
925,33.118958921703154,551149.4042179096,5275460.407340898,47.630524399999985,-122.31915550000001
926,33.118958921703154,551330.3762481041,5275037.208099807,47.6267025,-122.31679639999999
927,33.118958921703154,550768.9735097925,5275135.433201053,47.627630499999995,-122.32425670000002
928,72.71646346761983,550765.6907788555,5275137.938734352,47.62765329999999,-122.3243001
929,72.71646346761983,550769.1459847933,5275142.370235728,47.62769290000001,-122.3242536
930,72.71646346761983,550772.1304773375,5275140.4622957455,47.627675499999995,-122.32421410000002
931,66.63043478260873,551525.0882865614,5273899.920051196,47.6164547,-122.31433880000002
932,66.63043478260873,551529.8115572047,5273895.249200767,47.6164123,-122.3142765
933,66.63043478260873,551534.3687500418,5273900.013211307,47.6164548,-122.31421529999999
934,66.63043478260873,551527.1206647061,5274034.714101262,47.617667299999994,-122.31429590000002
935,66.63043478260873,551532.3556979611,5274029.947746184,47.617624000000006,-122.3142268
936,66.63043478260873,551527.1292819309,5274024.3886789875,47.617574399999995,-122.314297
937,59.206350118539376,551417.006879688,5274422.676193768,47.621166600000016,-122.31571560000002
938,59.206350118539376,551423.0737038588,5274417.272434212,47.621117500000004,-122.3156355
939,59.206350118539376,551418.9207638438,5274411.86741923,47.62106920000001,-122.3156914
940,66.63043478260873,551427.3345829023,5274153.25954909,47.6187418,-122.3156098
941,66.63043478260873,551426.9966606139,5274161.748149957,47.6188182,-122.3156133
942,66.63043478260873,551423.0195285539,5274157.689559481,47.618781999999996,-122.3156667
943,66.63043478260873,551429.25024325,5274023.879863118,47.6175776,-122.31559950000002
944,66.63043478260873,551432.784994243,5274027.834520101,47.617612900000005,-122.315552
945,66.63043478260873,551428.8572991481,5274031.790015775,47.61764879999999,-122.3156038
946,66.63043478260873,551427.3785953615,5273897.867863678,47.616444,-122.3156392
947,66.63043478260873,551431.5213259736,5273901.916799209,47.6164801,-122.3155836
948,66.63043478260873,551435.6296553789,5273897.940669455,47.616443999999994,-122.3155294
949,66.63043478260873,551230.8602230408,5274148.739437687,47.618716699999986,-122.31822480000001
950,66.63043478260873,551230.6957007793,5274158.052052169,47.6188005,-122.31822590000002
951,66.63043478260873,551225.9145974825,5274153.964302268,47.6187641,-122.31829
952,66.63043478260873,551235.2550609629,5274154.024176133,47.6187639,-122.31816570000001
953,59.206350118539376,551257.3220316233,5274514.210114172,47.6220028,-122.31782990000002
954,59.206350118539376,551260.9611263627,5274510.552063585,47.62196959999999,-122.31778190000001
955,59.206350118539376,551256.9458711358,5274506.571049313,47.6219341,-122.3178358
956,59.206350118539376,551253.3112602755,5274510.573695592,47.621970399999995,-122.31788370000001
957,59.206350118539376,551183.17373117,5274637.820045171,47.62312080000001,-122.3188022
958,59.206350118539376,551179.2287720027,5274633.5396052785,47.6230826,-122.3188552
959,59.206350118539376,551174.9150363596,5274637.880888477,47.623122,-122.31891209999999
960,59.206350118539376,551173.818689747,5274511.153288888,47.62198190000001,-122.3189415
961,59.206350118539376,551177.9914951829,5274515.168972578,47.6220177,-122.31888550000001
962,59.206350118539376,551181.8755690216,5274510.990636954,47.6219798,-122.31883430000002
963,59.206350118539376,551178.0013646847,5274507.199865532,47.621945999999994,-122.31888630000002
964,59.206350118539376,551179.3057154656,5274412.581320495,47.6210946,-122.31888
965,59.206350118539376,551099.515811219,5274506.911260498,47.6219496,-122.31993079999998
966,59.206350118539376,551099.412559688,5274514.401617898,47.622017,-122.3199313
967,59.206350118539376,551095.204967837,5274510.919188729,47.621985999999985,-122.31998770000001
968,59.206350118539376,551102.7280689524,5274510.785091283,47.6219842,-122.3198876
969,59.206350118539376,551099.938802849,5274632.632597508,47.62308070000001,-122.31991050000002
970,59.206350118539376,551094.1428000445,5274638.061290676,47.623129999999996,-122.319987
971,59.206350118539376,551099.7412229861,5274643.167539353,47.6231755,-122.31991189999998
972,59.206350118539376,551104.7756164647,5274638.043382293,47.623129,-122.31984550000001
973,90.91666666666669,550861.6085152314,5274409.733287253,47.621094,-122.3231081
974,90.91666666666669,550858.2200201831,5274406.224838018,47.6210627,-122.32315360000001
975,90.91666666666669,550865.363570615,5274406.54281948,47.621065,-122.32305849999999
976,67.02894950844235,550862.1447480351,5274402.535690809,47.62102920000001,-122.3231018
977,90.91666666666669,550935.1768290437,5274407.897253437,47.6210717,-122.32212930000001
978,90.91666666666669,550930.6137948661,5274412.392141523,47.6211125,-122.3221895
979,90.91666666666669,550924.0575213523,5274407.644475822,47.6210703,-122.32227729999998
980,190.46225795960805,550682.1558350567,5273875.457555637,47.61630110000001,-122.32555799999999
981,100.53125,550677.1741659681,5273880.53807599,47.61634719999999,-122.32562370000001
982,100.53125,550681.9598149232,5273885.036644405,47.61638730000001,-122.32555950000001
983,76.6904761904762,550694.6763914883,5274511.300199739,47.6220209,-122.3253178
984,76.6904761904762,550690.6666267093,5274507.508578043,47.62198709999999,-122.3253716
985,76.6904761904762,550694.7413601915,5274503.831739717,47.6219537,-122.3253178
986,76.6904761904762,550698.1795901695,5274507.673965106,47.621987999999995,-122.3252716
987,183.5192023700494,550580.028397328,5273497.329701191,47.61290699999999,-122.3269606
988,108.99883081564843,550587.2885138126,5273506.862338049,47.612992199999994,-122.3268629
989,183.5192023700494,550581.3131365583,5273505.176641193,47.6129775,-122.32694260000001
990,90.91666666666669,550862.4633786088,5274514.11819237,47.6220331,-122.32308459999999
991,90.91666666666669,550858.5568799227,5274510.560761829,47.6220014,-122.32313700000002
992,90.91666666666669,550862.6684152816,5274506.984392038,47.621968900000006,-122.32308270000001
993,90.91666666666669,550865.7449002884,5274510.934707077,47.6220042,-122.32304130000001
994,76.6904761904762,550785.8956900903,5274636.956132498,47.6231443,-122.3240893
995,76.6904761904762,550789.4446864115,5274640.143617148,47.6231727,-122.32404170000001
996,90.91666666666669,550792.6056858866,5274636.981270621,47.623143999999996,-122.32399999999998
997,90.91666666666669,550792.3654098774,5274504.192752649,47.6219493,-122.3240186
998,90.91666666666669,550786.8133502902,5274508.379036106,47.621987399999995,-122.324092
999,76.6904761904762,550791.2177987827,5274512.574291323,47.62202479999999,-122.32403290000002
1000,90.91666666666669,550795.4580367137,5274508.020909617,47.621983500000006,-122.323977
1001,67.02894950844235,550792.8385756213,5274375.756298029,47.62079369999999,-122.32402720000002
1002,67.02894950844235,550787.9227610704,5274380.214877706,47.6208342,-122.3240921
1003,90.91666666666669,550792.9210657764,5274385.260018392,47.6208792,-122.324025
1004,67.02894950844235,550797.5170717874,5274380.420758188,47.62083530000001,-122.3239644
1005,183.5192023700494,550648.9328010116,5273388.282433015,47.6119205,-122.3260564
1006,183.5192023700494,550655.7990940518,5273386.919423742,47.61190770000001,-122.3259652
1007,392.83050851292734,550657.0431278415,5273393.387816188,47.6119658,-122.3259479
1008,183.5192023700494,550650.7376868709,5273395.078020216,47.6119815,-122.3260316
1009,183.5192023700494,550755.272290295,5273229.690538808,47.61048529999999,-122.3246599
1010,183.5192023700494,550748.0412055838,5273230.627903702,47.610494300000006,-122.32475600000001
1011,183.5192023700494,550749.8124850354,5273237.823353974,47.610558899999994,-122.32473160000002
1012,184.8392083966153,549608.209658135,5275024.991848013,47.6267268,-122.3397181
1013,140.3994728427065,549216.5107692193,5274244.127481311,47.61973110000001,-122.345019
1014,72.71646346761983,550824.2361476299,5275255.141707345,47.6287032,-122.32350729999999
1015,386.0166166894943,549046.1495825368,5274103.403579047,47.61847790000001,-122.3473018
1016,386.0166166894943,549111.1050248332,5274059.181077428,47.6180751,-122.34644239999999
1017,386.0166166894943,549130.2562437018,5274043.64871276,47.61793389999999,-122.3461893
1018,386.0166166894943,549200.8152386711,5273982.980414023,47.61738269999999,-122.34525720000002
1019,386.0166166894943,549268.1407685527,5273923.608253612,47.61684340000001,-122.34436799999999
1020,386.0166166894943,549368.3273698732,5273837.228820042,47.616058599999995,-122.34304460000001
1021,414.435143232494,549467.9854321675,5273754.147616198,47.61530350000001,-122.3417279
1022,414.435143232494,549565.7244984383,5273669.051142187,47.6145304,-122.340437
1023,414.435143232494,549664.0477555577,5273584.528094363,47.613762399999985,-122.33913829999999
1024,414.435143232494,549762.2050167536,5273500.416494016,47.61299809999999,-122.33784180000002
1025,100.53125,550934.6866276078,5274019.436899489,47.6175767,-122.322181
1026,481.6413848528156,549137.4144211912,5273304.979854459,47.611287399999995,-122.3461769
1027,138.41879173705084,550123.7952038688,5271554.263587617,47.59546029999999,-122.3332532
1028,507.6801927547495,550362.9373419266,5272252.095205994,47.6017203,-122.3299922
1029,33.118958921703154,551177.495386593,5275658.039185795,47.6323003,-122.31875850000002
1030,33.118958921703154,551146.695811205,5275653.367286513,47.632260699999996,-122.319169
1031,33.118958921703154,551190.1583919056,5275457.542044836,47.6304954,-122.3186134
1032,0.8996828078850063,551649.144401091,5275477.364820542,47.63063729999998,-122.312502
1033,33.118958921703154,551235.8543768161,5274886.706350278,47.6253559,-122.31807200000002
1034,481.6413848528156,549044.6330847414,5273463.703501152,47.612722500000004,-122.3473936
1035,481.6413848528156,549127.919357953,5273357.894021119,47.6117642,-122.3462973
1036,66.63043478260873,551229.5879779971,5273765.940489842,47.6152727,-122.3182865
1037,6.533224587879943,550210.4142951106,5273725.028910255,47.6149844,-122.33185240000002
1038,93.54311810626854,549822.8358671485,5272236.16350872,47.601618699999996,-122.33717880000002
1039,138.41879173705084,550052.9315381412,5271352.415086454,47.59364969999999,-122.33421879999999
1040,138.41879173705084,550050.6042517599,5271554.424241291,47.595467400000004,-122.3342267
1041,59.206350118539376,551030.7030237948,5274279.869942979,47.619912299999996,-122.32087300000002
1042,890.2412885550517,549741.3283093562,5272484.389282459,47.6038583,-122.33823489999999
1043,890.2412885550517,549749.783245065,5272490.752248628,47.6039149,-122.3381217
1044,890.2412885550517,549772.5520528984,5272444.0875737155,47.6034933,-122.33782410000002
1045,181.60547746585303,549666.3722377005,5272614.624272538,47.6050358,-122.3392173
1046,140.3994728427065,549412.8427618045,5274333.293836807,47.620518399999995,-122.3423963
1047,140.3994728427065,549413.3530086232,5274416.690857834,47.6212687,-122.34238009999999
1048,93.54311810626854,549886.3473517903,5272244.331041581,47.6016873,-122.336333
1049,164.6243669448561,550342.1735915845,5273506.67434586,47.61300959999999,-122.3301243
1050,183.5192023700494,550639.138078818,5273046.668031202,47.60884769999999,-122.32622620000001
1051,183.5192023700494,550634.39670422,5273054.295920937,47.6089167,-122.3262884
1052,890.2412885550517,549836.8311088202,5272328.756193724,47.60245069999999,-122.3369821
1053,140.3994728427065,549061.196190339,5274373.669777246,47.6209084,-122.34707129999998
1054,710.2890650336079,550046.6337261914,5274024.092256992,47.6176878,-122.3339975
1055,710.2890650336079,550053.1720683078,5274020.55838906,47.61765549999999,-122.33391090000002
1056,710.2890650336079,550034.8306638803,5274036.87273386,47.6178037,-122.33415310000001
1057,73.73053303143445,550305.0536869074,5274910.128353999,47.6256396,-122.330457
1058,507.6801927547495,549779.2808184692,5272287.218603664,47.60208140000001,-122.3377524
1059,241.63233538745038,551593.5137090081,5273652.057653109,47.614219199999994,-122.3134575
1060,241.63233538745038,551571.3615305824,5273638.057254839,47.614095,-122.31375389999998
